i,group,target,train_accuracy,holdout_accuracy,permutation_pvalue_train_manual,permutation_pvalue_holdout_manual,feature_name,feature_importance_train,feature_importance_std_train,faeture_importance_holdout,feature_importance_std_holdout,feature_coefficient,feature_coefficient_odds_ratio,direction
1,Group 1,Depression,0.7351778656126482,0.6788990825688074,0.0060120240480962,0.143286573146293,helped,0.00916996,0.0077228,-0.02275229,0.01127209,0.24790096,1.2813330226869992,positive
1,Group 1,Depression,0.7351778656126482,0.6788990825688074,0.0060120240480962,0.143286573146293,advantage,0.01031621,0.00414153,-0.01293578,0.01070647,-0.16682505,0.8463476669099753,negative
1,Group 1,Depression,0.7351778656126482,0.6788990825688074,0.0060120240480962,0.143286573146293,applause,0.00442688,0.00652545,-0.00834862,0.01062756,0.18832604,1.207227055500379,positive
1,Group 1,Depression,0.7351778656126482,0.6788990825688074,0.0060120240480962,0.143286573146293,awe,0.01003953,0.00537375,1.8349e-4,0.00850593,-0.17503538,0.8394273213051991,negative
1,Group 1,Depression,0.7351778656126482,0.6788990825688074,0.0060120240480962,0.143286573146293,banjo,0.00268775,0.00184378,-0.00266055,0.00416295,0.0124534,1.012531266484213,positive
1,Group 1,Depression,0.7351778656126482,0.6788990825688074,0.0060120240480962,0.143286573146293,banker,-0.00126482,0.00184378,-0.00486239,0.00542061,-0.03212797,0.9683826502218379,negative
1,Group 1,Depression,0.7351778656126482,0.6788990825688074,0.0060120240480962,0.143286573146293,circus,-0.00146245,0.00397837,-0.00385321,0.00736006,0.05072427,1.0520327762906563,positive
1,Group 1,Depression,0.7351778656126482,0.6788990825688074,0.0060120240480962,0.143286573146293,feared,0.00699605,0.00588535,-0.01862385,0.00974854,0.18702723,1.2056601147278707,positive
1,Group 1,Depression,0.7351778656126482,0.6788990825688074,0.0060120240480962,0.143286573146293,hope,0.01051383,0.00581498,-0.01431193,0.01072414,0.21307578,1.2374784238054695,positive
1,Group 1,Depression,0.7351778656126482,0.6788990825688074,0.0060120240480962,0.143286573146293,mushroom,5.9289e-4,0.00281577,-0.00302752,0.00431388,0.03248394,1.03301730275287,positive
1,Group 1,Depression,0.7351778656126482,0.6788990825688074,0.0060120240480962,0.143286573146293,piano,0.00482213,0.00469608,0.00853211,0.00664805,-0.0539898,0.9474417703585702,negative
1,Group 1,Depression,0.7351778656126482,0.6788990825688074,0.0060120240480962,0.143286573146293,snub,9.4862e-4,0.00168808,0.00321101,0.00437587,-0.02433303,0.9759606314614057,negative
1,Group 1,Depression,0.7351778656126482,0.6788990825688074,0.0060120240480962,0.143286573146293,thunder,0.00889328,0.00519504,-0.03605505,0.01497719,-0.20889319,0.8114819053970463,negative
1,Group 1,Depression,0.7351778656126482,0.6788990825688074,0.0060120240480962,0.143286573146293,truce,0,0,0,0,-0.00223097,0.9977715167639282,negative
2,Group 1,Anxiety,0.7786561264822134,0.6972477064220184,0,0.120240480961924,helped,0.03162055,0.00964945,-0.00587156,0.01669221,0.34942491,1.4182516916548056,positive
2,Group 1,Anxiety,0.7786561264822134,0.6972477064220184,0,0.120240480961924,advantage,0.00667984,0.0039405,0.00908257,0.00957782,0.11253101,1.1191069598815342,positive
2,Group 1,Anxiety,0.7786561264822134,0.6972477064220184,0,0.120240480961924,applause,0.04616601,0.0133674,-0.00587156,0.01900301,-0.45735816,0.632953600799054,negative
2,Group 1,Anxiety,0.7786561264822134,0.6972477064220184,0,0.120240480961924,bicycle,0.02245059,0.00908025,-0.00275229,0.01097088,0.18229782,1.199971516185313,positive
2,Group 1,Anxiety,0.7786561264822134,0.6972477064220184,0,0.120240480961924,cheese,0.00810277,0.00423405,2.7523e-4,0.00761578,0.07456711,1.0774176465943612,positive
2,Group 1,Anxiety,0.7786561264822134,0.6972477064220184,0,0.120240480961924,cough,0.01802372,0.0069214,6.422e-4,0.00928874,0.15566383,1.168433344822458,positive
2,Group 1,Anxiety,0.7786561264822134,0.6972477064220184,0,0.120240480961924,forest,0.00612648,0.00573804,-0.0046789,0.00458624,0.0778129,1.0809203995425773,positive
2,Group 1,Anxiety,0.7786561264822134,0.6972477064220184,0,0.120240480961924,hoe,0.00972332,0.00516624,0.0140367,0.00991972,0.15517635,1.167863895744319,positive
2,Group 1,Anxiety,0.7786561264822134,0.6972477064220184,0,0.120240480961924,lake,0.01023715,0.0077069,0.00486239,0.01464762,-0.22826646,0.7959121528254499,negative
2,Group 1,Anxiety,0.7786561264822134,0.6972477064220184,0,0.120240480961924,spring,0.01,0.00557452,-0.00422018,0.00641152,0.16935121,1.1845360867962114,positive
2,Group 1,Anxiety,0.7786561264822134,0.6972477064220184,0,0.120240480961924,teacher,0.00351779,0.00273242,0.0012844,0.0063588,-0.04508698,0.9559143327883345,negative
2,Group 1,Anxiety,0.7786561264822134,0.6972477064220184,0,0.120240480961924,tiger,0.00826087,0.00467992,0.00880734,0.0097022400000000009,-0.09369494,0.9105604954607103,negative
2,Group 1,Anxiety,0.7786561264822134,0.6972477064220184,0,0.120240480961924,volcano,0.01320158,0.00551153,0.00293578,0.00697248,-0.12078038,0.886228571740659,negative
3,Group 2,Depression,0.6931818181818182,0.6491228070175439,0.00701402805611218,0.209418837675351,aggressive,0.0175,0.00672879,-0.01491228,0.00890254,-0.20178697,0.8172690122166643,negative
3,Group 2,Depression,0.6931818181818182,0.6491228070175439,0.00701402805611218,0.209418837675351,angry,0.00140152,0.00484064,-0.01561404,0.00828286,0.07905574,1.0822646458204341,positive
3,Group 2,Depression,0.6931818181818182,0.6491228070175439,0.00701402805611218,0.209418837675351,barbecue,0,0,0,0,0.03616209,1.036823891655934,positive
3,Group 2,Depression,0.6931818181818182,0.6491228070175439,0.00701402805611218,0.209418837675351,bell,0.00537879,0.00557166,-0.01324561,0.00769684,-0.09646093,0.9080453742394807,negative
3,Group 2,Depression,0.6931818181818182,0.6491228070175439,0.00701402805611218,0.209418837675351,church,0,0,0,0,0.00133384,1.0013347299602169,positive
3,Group 2,Depression,0.6931818181818182,0.6491228070175439,0.00701402805611218,0.209418837675351,dead,0.00181818,0.00474559,0.00596491,0.00975855,0.13163611,1.1406931569022347,positive
3,Group 2,Depression,0.6931818181818182,0.6491228070175439,0.00701402805611218,0.209418837675351,football,0.01045455,0.00451759,-0.00666667,0.00621756,0.25783564,1.294126098577821,positive
3,Group 2,Depression,0.6931818181818182,0.6491228070175439,0.00701402805611218,0.209418837675351,guard,0,0,0,0,0.01377086,1.0138661150382684,positive
3,Group 2,Depression,0.6931818181818182,0.6491228070175439,0.00701402805611218,0.209418837675351,jealousy,0.00643939,0.00416667,-0.01122807,0.00877894,-0.13349802,0.8750292015337205,negative
4,Group 2,Anxiety,0.7348484848484849,0.7280701754385965,0.00901803607214424,0.0120240480961924,aggressive,0,0,0,0,-0.04347091,0.9574604062090725,negative
4,Group 2,Anxiety,0.7348484848484849,0.7280701754385965,0.00901803607214424,0.0120240480961924,angry,-8.71212121e-4,0.00159406,0,0,-0.14545763,0.8646265235236701,negative
4,Group 2,Anxiety,0.7348484848484849,0.7280701754385965,0.00901803607214424,0.0120240480961924,barbecue,0.00200757576,0.00189053,-0.00438596,0.00438596,-0.12121766,0.8858411264280253,negative
4,Group 2,Anxiety,0.7348484848484849,0.7280701754385965,0.00901803607214424,0.0120240480961924,bell,-0.00185606061,0.00189356,0,0,-0.19575307,0.8222152392222202,negative
4,Group 2,Anxiety,0.7348484848484849,0.7280701754385965,0.00901803607214424,0.0120240480961924,cab,8.71212121e-4,0.00159406,0,0,-0.05519062,0.9463047461492232,negative
4,Group 2,Anxiety,0.7348484848484849,0.7280701754385965,0.00901803607214424,0.0120240480961924,cabbage,0.00208333333,0.00188445,0,0,0.07818703,1.0813248799510677,positive
4,Group 2,Anxiety,0.7348484848484849,0.7280701754385965,0.00901803607214424,0.0120240480961924,cafeteria,-1.13636364e-4,0.0027027,0.00421053,0.00438245,0.17511446,1.1913825744579223,positive
4,Group 2,Anxiety,0.7348484848484849,0.7280701754385965,0.00901803607214424,0.0120240480961924,carrot,0,0,-0.00403509,0.00437191,-0.1150021,0.8913642720398947,negative
4,Group 2,Anxiety,0.7348484848484849,0.7280701754385965,0.00901803607214424,0.0120240480961924,chair,-0.00208333333,0.00188445,0.00412281,0.00437806,0.07913305,1.082348318934545,positive
4,Group 2,Anxiety,0.7348484848484849,0.7280701754385965,0.00901803607214424,0.0120240480961924,church,0.00102272727,0.00168166,-0.0022807,0.00384767,-0.05543731,0.9460713310231681,negative
4,Group 2,Anxiety,0.7348484848484849,0.7280701754385965,0.00901803607214424,0.0120240480961924,clang,0.00125,0.0028875,0.00236842,0.00389438,-0.15684982,0.8548324279122324,negative
4,Group 2,Anxiety,0.7348484848484849,0.7280701754385965,0.00901803607214424,0.0120240480961924,clarinet,0,0,0,0,0.01247121,1.0125492998266554,positive
4,Group 2,Anxiety,0.7348484848484849,0.7280701754385965,0.00901803607214424,0.0120240480961924,coffee,0.00208333333,0.00188445,-0.00578947,0.00415534,-0.08232186,0.9209754858176624,negative
4,Group 2,Anxiety,0.7348484848484849,0.7280701754385965,0.00901803607214424,0.0120240480961924,dead,0,0,0.0054386,0.00425778,0.13124685,1.1402492170935894,positive
4,Group 2,Anxiety,0.7348484848484849,0.7280701754385965,0.00901803607214424,0.0120240480961924,eggplant,0,0,0,0,-0.0083769,0.9916580884603645,negative
4,Group 2,Anxiety,0.7348484848484849,0.7280701754385965,0.00901803607214424,0.0120240480961924,guilt,0.00166666667,0.00188025,0.00438596,0.00438596,-0.10903067,0.8967029151980808,negative
4,Group 2,Anxiety,0.7348484848484849,0.7280701754385965,0.00901803607214424,0.0120240480961924,screech,-3.78787879e-5,0.00224062,0,0,-0.07135243,0.9311336748531538,negative
4,Group 2,Anxiety,0.7348484848484849,0.7280701754385965,0.00901803607214424,0.0120240480961924,shame,0,0,0,0,0.00765154,1.007680887836482,positive
5,Group 3,Depression,0.7142857142857143,0.6854838709677419,0.00100200400801598,0.0821643286573146,activist,-0.00358885,0.00271933,-0.00540323,0.00694251,0.02556583,1.0258954387443213,positive
5,Group 3,Depression,0.7142857142857143,0.6854838709677419,0.00100200400801598,0.0821643286573146,ambulance,0.00271777,0.00411032,0.01354839,0.0063377,-0.07509327,0.9276569597288137,negative
5,Group 3,Depression,0.7142857142857143,0.6854838709677419,0.00100200400801598,0.0821643286573146,avalanche,0.00452962,0.00496439,-0.00629032,0.0073542,-0.07868155,0.9243342318176306,negative
5,Group 3,Depression,0.7142857142857143,0.6854838709677419,0.00100200400801598,0.0821643286573146,businessman,0.00278746,0.00559665,0.01443548,0.0090016,0.1220234,1.1297805383356068,positive
5,Group 3,Depression,0.7142857142857143,0.6854838709677419,0.00100200400801598,0.0821643286573146,friendly,-0.00114983,0.0045711,-0.00233871,0.00365937,-0.04125991,0.9595796931755941,negative
5,Group 3,Depression,0.7142857142857143,0.6854838709677419,0.00100200400801598,0.0821643286573146,green,0.02090592,0.00867589,0.01475806,0.01249636,-0.25187538,0.7773416043438165,negative
5,Group 3,Depression,0.7142857142857143,0.6854838709677419,0.00100200400801598,0.0821643286573146,grievance,0.00400697,0.00641295,0.00379032,0.00697988,-0.12434863,0.8830719218468495,negative
5,Group 3,Depression,0.7142857142857143,0.6854838709677419,0.00100200400801598,0.0821643286573146,mayor,0.02703833,0.01155744,0.00701613,0.01667055,-0.30658834,0.7359535011753074,negative
5,Group 3,Depression,0.7142857142857143,0.6854838709677419,0.00100200400801598,0.0821643286573146,policeman,0.00369338,0.00537128,0.01701613,0.01248803,0.1593167,1.1727092849067358,positive
5,Group 3,Depression,0.7142857142857143,0.6854838709677419,0.00100200400801598,0.0821643286573146,vacation,0.02442509,0.01010447,-0.00580645,0.01392525,0.23386581,1.263474935130055,positive
6,Group 3,Anxiety,0.7526132404181185,0.6854838709677419,0,0.0571142284569138,activist,0.00836237,0.00761784,0.00516129,0.00707842,-0.1404736,0.8689466048203359,negative
6,Group 3,Anxiety,0.7526132404181185,0.6854838709677419,0,0.0571142284569138,ambulance,0.00787456,0.00529846,0.00733871,0.00905922,0.16277508,1.1767719803665486,positive
6,Group 3,Anxiety,0.7526132404181185,0.6854838709677419,0,0.0571142284569138,avalanche,0.01644599,0.00757116,0.0066129,0.01066103,-0.24160126,0.7853692732698114,negative
6,Group 3,Anxiety,0.7526132404181185,0.6854838709677419,0,0.0571142284569138,bonfire,-0.00362369,0.00250871,0,0,-0.01592273,0.9842033665113228,negative
6,Group 3,Anxiety,0.7526132404181185,0.6854838709677419,0,0.0571142284569138,broccoli,0.00655052,0.00312736,-0.01177419,0.00768629,-0.06383083,0.9381636952593998,negative
6,Group 3,Anxiety,0.7526132404181185,0.6854838709677419,0,0.0571142284569138,businessman,0.0028223,0.00357699,-0.00241935,0.00640101,0.06081437,1.0627016265735711,positive
6,Group 3,Anxiety,0.7526132404181185,0.6854838709677419,0,0.0571142284569138,camera,-0.00334495,0.00609348,-0.01258065,0.00893088,-0.14379255,0.8660673951057856,negative
6,Group 3,Anxiety,0.7526132404181185,0.6854838709677419,0,0.0571142284569138,cherry,0.00202091,0.00421531,-0.00387097,0.00402903,-0.03776086,0.9629431915938634,negative
6,Group 3,Anxiety,0.7526132404181185,0.6854838709677419,0,0.0571142284569138,choir,5.5749e-4,0.00371109,-0.00782258,0.00777337,0.08219474,1.0856672120775241,positive
6,Group 3,Anxiety,0.7526132404181185,0.6854838709677419,0,0.0571142284569138,criminal,0.00574913,0.00488737,0.00362903,0.00817465,0.11639124000000001,1.1234353189972581,positive
6,Group 3,Anxiety,0.7526132404181185,0.6854838709677419,0,0.0571142284569138,dusty,0.00139373,0.00170696,-0.00475806,0.0039664,-0.02473558,0.9755678375741048,negative
6,Group 3,Anxiety,0.7526132404181185,0.6854838709677419,0,0.0571142284569138,election,0.00867596,0.00855605,-0.02024194,0.01108658,0.19820894,1.2192171104335257,positive
6,Group 3,Anxiety,0.7526132404181185,0.6854838709677419,0,0.0571142284569138,escalator,0.00195122,0.00266818,-0.00516129,0.00689221,-0.05106393,0.9502179211588943,negative
6,Group 3,Anxiety,0.7526132404181185,0.6854838709677419,0,0.0571142284569138,friendly,0.01174216,0.00703203,-0.00959677,0.00992263,-0.28957381,0.7485825379946043,negative
6,Group 3,Anxiety,0.7526132404181185,0.6854838709677419,0,0.0571142284569138,green,0.00181185,0.00428104,-0.00435484,0.00401933,0.04003207,1.0408441535291515,positive
6,Group 3,Anxiety,0.7526132404181185,0.6854838709677419,0,0.0571142284569138,grief,0.00275261,0.00481026,-0.00822581,0.00592399,0.10083724,1.1060965988295015,positive
6,Group 3,Anxiety,0.7526132404181185,0.6854838709677419,0,0.0571142284569138,joviality,0.00212544,0.00659071,8.871e-4,0.00764174,0.15011361,1.1619662462149156,positive
6,Group 3,Anxiety,0.7526132404181185,0.6854838709677419,0,0.0571142284569138,judge,0.02240418,0.00983363,-0.02854839,0.01251534,-0.26183736,0.7696361871584875,negative
6,Group 3,Anxiety,0.7526132404181185,0.6854838709677419,0,0.0571142284569138,mayor,-0.00132404,0.00268903,-0.0058871,0.00358032,-0.03435831,0.9662252344414216,negative
6,Group 3,Anxiety,0.7526132404181185,0.6854838709677419,0,0.0571142284569138,mercy,-0.00278746,0.00323123,-0.0141129,0.00658876,0.05004223,1.0513154924918413,positive
6,Group 3,Anxiety,0.7526132404181185,0.6854838709677419,0,0.0571142284569138,minister,-0.00334495,0.00580785,-0.00564516,0.00794263,0.1334113,1.142719902384352,positive
6,Group 3,Anxiety,0.7526132404181185,0.6854838709677419,0,0.0571142284569138,pie,0.00118467,0.00488352,-3.2258e-4,0.00939923,0.11426441,1.1210485021343213,positive
6,Group 3,Anxiety,0.7526132404181185,0.6854838709677419,0,0.0571142284569138,rake,5.2265e-4,0.00410426,0.0025,0.00779343,-0.07643733,0.9264109706451376,negative
6,Group 3,Anxiety,0.7526132404181185,0.6854838709677419,0,0.0571142284569138,rocket,0.00111498,0.00381306,-0.01032258,0.00891339,0.05175477,1.0531174548512643,positive
6,Group 3,Anxiety,0.7526132404181185,0.6854838709677419,0,0.0571142284569138,rose,-0.00484321,0.00499839,-0.01959677,0.00962722,0.08833318,1.0923520112476337,positive
6,Group 3,Anxiety,0.7526132404181185,0.6854838709677419,0,0.0571142284569138,saw,0.02094077,0.00828206,-0.02072581,0.01240232,-0.25504008,0.7748854399302497,negative
7,Group 4,Depression,0.7054263565891473,0.6756756756756757,0.00400801603206413,0.17935871743487,accordion,0.02267442,0.0094684,-0.0147747748,0.01536927,-0.20364713,0.8157501741697464,negative
7,Group 4,Depression,0.7054263565891473,0.6756756756756757,0.00400801603206413,0.17935871743487,apology,0.01127907,0.00731511,-9.00900901e-5,0.01264443,-0.26386923,0.7680739741232515,negative
7,Group 4,Depression,0.7054263565891473,0.6756756756756757,0.00400801603206413,0.17935871743487,apricot,-0.0025969,0.00493498,-0.00540540541,0.01081081,-0.07871913,0.9242994959898891,negative
7,Group 4,Depression,0.7054263565891473,0.6756756756756757,0.00400801603206413,0.17935871743487,empty,0.00182171,0.00515533,-1.8018018e-4,0.0079545,-0.08442821,0.9190376307201278,negative
7,Group 4,Depression,0.7054263565891473,0.6756756756756757,0.00400801603206413,0.17935871743487,matinee,0.00333333,0.0039153,-0.00369369369,0.00443093,0.05846821,1.0602112810422404,positive
7,Group 4,Depression,0.7054263565891473,0.6756756756756757,0.00400801603206413,0.17935871743487,reality,0.01457364,0.00894199,9.00900901e-4,0.01472084,0.23357578,1.263108542629596,positive
7,Group 4,Depression,0.7054263565891473,0.6756756756756757,0.00400801603206413,0.17935871743487,wanted,0.00697674,0.00424591,0,0,-0.04194919,0.9589185019837925,negative
7,Group 4,Depression,0.7054263565891473,0.6756756756756757,0.00400801603206413,0.17935871743487,zoo,0.00492248,0.00477405,-0.00378378378,0.00444647,0.05618626,1.057794690227829,positive
8,Group 4,Anxiety,0.7596899224806202,0.7027027027027027,0,0.0791583166332666,accordion,0,0,0.00288288,0.00420249,-0.01251757,0.9875604489043609,negative
8,Group 4,Anxiety,0.7596899224806202,0.7027027027027027,0,0.0791583166332666,apology,0.00476744,0.00673248,-0.01153153,0.01043491,-0.25270383,0.7766978823742479,negative
8,Group 4,Anxiety,0.7596899224806202,0.7027027027027027,0,0.0791583166332666,apricot,0,0,0.00477477,0.00449639,-0.01760025,0.982553729716141,negative
8,Group 4,Anxiety,0.7596899224806202,0.7027027027027027,0,0.0791583166332666,bay,0.00151163,0.00350534,-0.01486486,0.00839096,0.08256715,1.0860716006984834,positive
8,Group 4,Anxiety,0.7596899224806202,0.7027027027027027,0,0.0791583166332666,beer,0.00205426,0.00494714,-0.01612613,0.0086688,0.13050662,1.1394054827328894,positive
8,Group 4,Anxiety,0.7596899224806202,0.7027027027027027,0,0.0791583166332666,cathedral,6.9767e-4,0.00456575,-0.00630631,0.01015264,0.1226697,1.1305109515051242,positive
8,Group 4,Anxiety,0.7596899224806202,0.7027027027027027,0,0.0791583166332666,cheetah,0.00158915,0.00372154,0.0036036,0.0044135,-0.07052628,0.9319032487866152,negative
8,Group 4,Anxiety,0.7596899224806202,0.7027027027027027,0,0.0791583166332666,college,9.6899e-4,0.00535319,0.00423423,0.00758631,-0.11204196,0.8940067441903473,negative
8,Group 4,Anxiety,0.7596899224806202,0.7027027027027027,0,0.0791583166332666,corkscrew,0,0,0,0,-0.00366177,0.9963449261040753,negative
8,Group 4,Anxiety,0.7596899224806202,0.7027027027027027,0,0.0791583166332666,dandelion,0.00158915,0.00190633,0.00567568,0.00434959,-0.01584621,0.9842786806344098,negative
8,Group 4,Anxiety,0.7596899224806202,0.7027027027027027,0,0.0791583166332666,dangerous,0.0025969,0.00421234,0.00225225,0.0062902,0.07014516,1.0726638778419924,positive
8,Group 4,Anxiety,0.7596899224806202,0.7027027027027027,0,0.0791583166332666,embassy,0.00271318,0.00361526,-0.00666667,0.00632173,0.1020254,1.107411599625338,positive
8,Group 4,Anxiety,0.7596899224806202,0.7027027027027027,0,0.0791583166332666,fiddle,0.00329457,0.00503503,-0.0136036,0.00940525,0.24126224,1.2728547849838732,positive
8,Group 4,Anxiety,0.7596899224806202,0.7027027027027027,0,0.0791583166332666,fish,0,0,0.00486486,0.00449007,-0.00714042,0.9928850122306172,negative
8,Group 4,Anxiety,0.7596899224806202,0.7027027027027027,0,0.0791583166332666,flute,-0.00116279,0.00377783,-0.00297297,0.00698474,0.04663673,1.0477413269468028,positive
8,Group 4,Anxiety,0.7596899224806202,0.7027027027027027,0,0.0791583166332666,gasp,-0.00151163,0.00566727,-0.01297297,0.00838564,-0.1290561,0.878924656489248,negative
8,Group 4,Anxiety,0.7596899224806202,0.7027027027027027,0,0.0791583166332666,honey,0.00135659,0.00184872,0.00432432,0.0045009,-0.01752608,0.9826266084289477,negative
8,Group 4,Anxiety,0.7596899224806202,0.7027027027027027,0,0.0791583166332666,insult,0,0,0,0,-0.01271451,0.987365977899742,negative
8,Group 4,Anxiety,0.7596899224806202,0.7027027027027027,0,0.0791583166332666,jam,0.00209302,0.00193177,-0.00513514,0.00446014,0.04174961,1.0426333810917143,positive
8,Group 4,Anxiety,0.7596899224806202,0.7027027027027027,0,0.0791583166332666,lab,2.3256e-4,0.00299329,0.00432432,0.0045009,-0.02822115,0.9721733468906317,negative
8,Group 4,Anxiety,0.7596899224806202,0.7027027027027027,0,0.0791583166332666,matinee,0.00306202,0.0050027,-0.01063063,0.00819572,-0.12853611,0.8793818073680179,negative
8,Group 4,Anxiety,0.7596899224806202,0.7027027027027027,0,0.0791583166332666,patent,-7.7519e-4,0.00305194,-0.01468468,0.00682012,-0.09806245,0.9065922852978112,negative
8,Group 4,Anxiety,0.7596899224806202,0.7027027027027027,0,0.0791583166332666,pea,0.00492248,0.0071017,-0.02648649,0.01049231,0.22296504,1.2497768807724836,positive
8,Group 4,Anxiety,0.7596899224806202,0.7027027027027027,0,0.0791583166332666,red,-5.4264e-4,0.00290155,0.0054955,0.00439414,0.03672817,1.0374109830792013,positive
8,Group 4,Anxiety,0.7596899224806202,0.7027027027027027,0,0.0791583166332666,riot,0.00414729,0.00575565,-0.02702703,0.01050622,-0.24312316,0.7841749288397425,negative
8,Group 4,Anxiety,0.7596899224806202,0.7027027027027027,0,0.0791583166332666,shoulder,0.00158915,0.00315338,0.00162162,0.00589109,-0.08751587,0.9162043313727619,negative
8,Group 4,Anxiety,0.7596899224806202,0.7027027027027027,0,0.0791583166332666,soccer,0.00151163,0.00314384,-0.0109009,0.00712737,-0.0501366,0.9510994954356844,negative
8,Group 4,Anxiety,0.7596899224806202,0.7027027027027027,0,0.0791583166332666,torment,0.00286822,0.00681598,-0.00801802,0.01117226,-0.1496945,0.8609709628809914,negative
8,Group 4,Anxiety,0.7596899224806202,0.7027027027027027,0,0.0791583166332666,wanted,3.876e-4,0.00348837,4.5045e-4,0.00690527,0.10669404,1.1125937932012473,positive
8,Group 4,Anxiety,0.7596899224806202,0.7027027027027027,0,0.0791583166332666,zoo,0.00282946,0.00461403,-0.00396396,0.00447195,0.05852804,1.0602747153808045,positive
9,Group 5,Depression,0.74,0.7407407407407407,0.00801603206412826,0.0290581162324649,damaged,0.00408,0.00265209,0,0,0.03341043,1.0339748264532704,positive
9,Group 5,Depression,0.74,0.7407407407407407,0.00801603206412826,0.0290581162324649,airport,0.0044,0.00256125,0.01212963,0.00581125,0.31561375,1.3711005657427513,positive
9,Group 5,Depression,0.74,0.7407407407407407,0.00801603206412826,0.0290581162324649,analogy,-3.2e-4,0.00244491,0.00694444,0.00619402,-0.02935304,0.9710735761282004,negative
9,Group 5,Depression,0.74,0.7407407407407407,0.00801603206412826,0.0290581162324649,arm,-0.00164,0.00253582,0,0,-0.12922253,0.8787783892306361,negative
9,Group 5,Depression,0.74,0.7407407407407407,0.00801603206412826,0.0290581162324649,attribute,0.00208,0.0019984,0.00481481,0.00462592,0.08145532,1.0848647447443294,positive
9,Group 5,Depression,0.74,0.7407407407407407,0.00801603206412826,0.0290581162324649,audience,0.00412,0.00389687,0,0,-0.19801524,0.8203573507965373,negative
9,Group 5,Depression,0.74,0.7407407407407407,0.00801603206412826,0.0290581162324649,car,0,0,0,0,0.00828401,1.0083184173555073,positive
9,Group 5,Depression,0.74,0.7407407407407407,0.00801603206412826,0.0290581162324649,computer,0,0,0,0,-0.00648976,0.993531253011389,negative
9,Group 5,Depression,0.74,0.7407407407407407,0.00801603206412826,0.0290581162324649,eye,-0.00108,0.00329144,0.00925926,0.00729075,0.1346018,1.144081120532473,positive
9,Group 5,Depression,0.74,0.7407407407407407,0.00801603206412826,0.0290581162324649,foot,0.00148,0.00193122,0.00481481,0.00462592,-0.15811691,0.8537499642254317,negative
9,Group 5,Depression,0.74,0.7407407407407407,0.00801603206412826,0.0290581162324649,infinity,-0.00188,0.0036422,0.01138889,0.00750571,0.13548159,1.1450881145681941,positive
9,Group 5,Depression,0.74,0.7407407407407407,0.00801603206412826,0.0290581162324649,prairie,0.00324,0.00461978,0.00462963,0.00462963,-0.13203203,0.8763129263268243,negative
9,Group 5,Depression,0.74,0.7407407407407407,0.00801603206412826,0.0290581162324649,role,0.00152,0.00194155,0.0062037,0.0043538200000000004,-0.09536491,0.9090411557290861,negative
10,Group 5,Anxiety,0.772,0.6481481481481481,0,0.609218436873747,damaged,0,0,-0.0037037,0.0045360899999999996,0.00303526432,1.003039875398847,positive
10,Group 5,Anxiety,0.772,0.6481481481481481,0,0.609218436873747,airport,0.0078,0.00586174,0.00240741,0.00922401,0.127136583,1.1355721070350628,positive
10,Group 5,Anxiety,0.772,0.6481481481481481,0,0.609218436873747,analogy,0.00428,0.00376319,0.01009259,0.00829156,0.0713906659,1.0740007193797543,positive
10,Group 5,Anxiety,0.772,0.6481481481481481,0,0.609218436873747,arm,-0.00408,0.00395899,-0.00324074,0.00441639,-0.02630225,0.974040641328653,negative
10,Group 5,Anxiety,0.772,0.6481481481481481,0,0.609218436873747,attribute,0.0118,0.01042113,0.00833333,0.01568618,0.294194421,1.342044799996347,positive
10,Group 5,Anxiety,0.772,0.6481481481481481,0,0.609218436873747,audience,-0.00376,0.00374465,0,0,-0.0250761525,0.9752356425681954,negative
10,Group 5,Anxiety,0.772,0.6481481481481481,0,0.609218436873747,bus,0.01192,0.00797957,-9.2593e-4,0.01107246,0.158940931,1.1722686998957346,positive
10,Group 5,Anxiety,0.772,0.6481481481481481,0,0.609218436873747,chestnut,0.01416,0.00973932,-0.02148148,0.01234506,0.205087036,1.2276319084842806,positive
10,Group 5,Anxiety,0.772,0.6481481481481481,0,0.609218436873747,court,0.00572,0.00456964,-0.00583333,0.00447041,-0.0471594407,0.9539352893542822,negative
10,Group 5,Anxiety,0.772,0.6481481481481481,0,0.609218436873747,egg,8.4e-4,0.00442881,-0.00527778,0.00458403,0.0153050304,1.015422752189525,positive
10,Group 5,Anxiety,0.772,0.6481481481481481,0,0.609218436873747,festival,-0.00156,0.00352795,-0.00490741,0.00462129,0.0252224962,1.0255432746233168,positive
10,Group 5,Anxiety,0.772,0.6481481481481481,0,0.609218436873747,foot,0,0,-0.00425926,0.00461479,0.00932290208,1.0093664956992958,positive
10,Group 5,Anxiety,0.772,0.6481481481481481,0,0.609218436873747,mountain,0.00636,0.00509415,-0.01842593,0.0121077,0.135903778,1.1455716590952734,positive
10,Group 5,Anxiety,0.772,0.6481481481481481,0,0.609218436873747,stone,0.01652,0.00682712,0.00157407,0.00681106,0.0963690391,1.1011653620936035,positive
10,Group 5,Anxiety,0.772,0.6481481481481481,0,0.609218436873747,truck,0.05888,0.01684831,-0.03787037,0.02715648,-0.631123778,0.5319936222309717,negative
10,Group 5,Anxiety,0.772,0.6481481481481481,0,0.609218436873747,used,0,0,0,0,-7.03146819e-5,0.9999296877901193,negative
10,Group 5,Anxiety,0.772,0.6481481481481481,0,0.609218436873747,yellow,0.00468,0.00674223,-0.01518519,0.00993118,-0.131427455,0.8768428833975144,negative
11,Group 6,Depression,0.7282608695652174,0.7058823529411765,0.00400801603206413,0.0160320641282565,alligator,3.26086957e-4,0.00458573,-0.00235294,0.00770914,0.20653405,1.2294095949010866,positive
11,Group 6,Depression,0.7282608695652174,0.7058823529411765,0.00400801603206413,0.0160320641282565,army,7.24637681e-4,0.00556605,-0.00915966,0.00958831,0.27967863,1.3227046664278757,positive
11,Group 6,Depression,0.7282608695652174,0.7058823529411765,0.00400801603206413,0.0160320641282565,bagpipe,0.00945652174,0.00671796,0.01226891,0.00997278,-0.21284608,0.8082805381827816,negative
11,Group 6,Depression,0.7282608695652174,0.7058823529411765,0.00400801603206413,0.0160320641282565,banana,0.00253623188,0.00636898,-0.00302521,0.0094716,-0.1692322,0.8443128311835317,negative
11,Group 6,Depression,0.7282608695652174,0.7058823529411765,0.00400801603206413,0.0160320641282565,bar,-0.00152173913,0.00178826,0,0,-0.03973339,0.9610456293746157,negative
11,Group 6,Depression,0.7282608695652174,0.7058823529411765,0.00400801603206413,0.0160320641282565,commander,0.0015942029,0.00321301,-0.00285714,0.00398075,0.05757673,1.0592665450586023,positive
11,Group 6,Depression,0.7282608695652174,0.7058823529411765,0.00400801603206413,0.0160320641282565,crow,0.00253623188,0.00439288,-0.00563025,0.00532206,0.10908718,1.115259574433087,positive
11,Group 6,Depression,0.7282608695652174,0.7058823529411765,0.00400801603206413,0.0160320641282565,denial,0.00206521739,0.00547701,0.00436975,0.00946862,-0.15574816,0.8557746815310294,negative
11,Group 6,Depression,0.7282608695652174,0.7058823529411765,0.00400801603206413,0.0160320641282565,drum,0.00739130435,0.00599569,8.4034e-4,0.00990742,-0.15244472,0.8586063564039025,negative
11,Group 6,Depression,0.7282608695652174,0.7058823529411765,0.00400801603206413,0.0160320641282565,island,-7.24637681e-5,0.00280557,-0.00823529,0.00581959,0.03172632,1.032234964578903,positive
11,Group 6,Depression,0.7282608695652174,0.7058823529411765,0.00400801603206413,0.0160320641282565,kiss,3.98550725e-4,0.00393229,0.00512605,0.0066056,-0.11406965,0.8921958122799571,negative
11,Group 6,Depression,0.7282608695652174,0.7058823529411765,0.00400801603206413,0.0160320641282565,kitchen,0.00206521739,0.00453275,-0.00571429,0.00759842,0.11269685,1.1192925679699581,positive
11,Group 6,Depression,0.7282608695652174,0.7058823529411765,0.00400801603206413,0.0160320641282565,knowledge,0.00326086957,0.00592034,-0.00319328,0.00855163,-0.16963644,0.84397159513993,negative
11,Group 6,Depression,0.7282608695652174,0.7058823529411765,0.00400801603206413,0.0160320641282565,legality,-0.00202898551,0.00321301,0,0,0.05486388,1.0563968081547186,positive
11,Group 6,Depression,0.7282608695652174,0.7058823529411765,0.00400801603206413,0.0160320641282565,morning,0.00434782609,0.00530027,0.00478992,0.00945182,0.15455958,1.1671438144144486,positive
11,Group 6,Depression,0.7282608695652174,0.7058823529411765,0.00400801603206413,0.0160320641282565,mouth,-0.00163043478,0.00459374,0.01,0.00794507,0.12115934,1.1288047617891035,positive
11,Group 6,Depression,0.7282608695652174,0.7058823529411765,0.00400801603206413,0.0160320641282565,nose,0.00485507246,0.00589189,4.2017e-4,0.01038589,-0.14496065,0.865056332407694,negative
11,Group 6,Depression,0.7282608695652174,0.7058823529411765,0.00400801603206413,0.0160320641282565,river,0.00166666667,0.00304951,-0.00478992,0.0093012,0.10472649,1.1104068614377436,positive
11,Group 6,Depression,0.7282608695652174,0.7058823529411765,0.00400801603206413,0.0160320641282565,shelves,-3.62318841e-5,0.00248367,-0.00369748,0.00417132,-0.05013434,0.951101644922973,negative
12,Group 6,Anxiety,0.7572463768115942,0.7478991596638656,0.0581162324649298,0.975951903807615,alligator,0,0,0,0,0,1,positive
12,Group 6,Anxiety,0.7572463768115942,0.7478991596638656,0.0581162324649298,0.975951903807615,army,0,0,0,0,0,1,positive
12,Group 6,Anxiety,0.7572463768115942,0.7478991596638656,0.0581162324649298,0.975951903807615,bagpipe,0,0,0,0,0,1,positive
12,Group 6,Anxiety,0.7572463768115942,0.7478991596638656,0.0581162324649298,0.975951903807615,banana,0,0,0,0,0,1,positive
12,Group 6,Anxiety,0.7572463768115942,0.7478991596638656,0.0581162324649298,0.975951903807615,bar,0,0,0,0,0,1,positive
12,Group 6,Anxiety,0.7572463768115942,0.7478991596638656,0.0581162324649298,0.975951903807615,bed,-0.00786231884,0.00362518,0.00764706,0.00683674,0.17516575,1.1914436820372567,positive
12,Group 6,Anxiety,0.7572463768115942,0.7478991596638656,0.0581162324649298,0.975951903807615,blueberry,0,0,0,0,0,1,positive
12,Group 6,Anxiety,0.7572463768115942,0.7478991596638656,0.0581162324649298,0.975951903807615,"
boy",-0.00141304348,0.00176721,-0.00361345,0.0041603,0.0503345,1.051622805377813,positive
12,Group 6,Anxiety,0.7572463768115942,0.7478991596638656,0.0581162324649298,0.975951903807615,bribe,0,0,0,0,0,1,positive
12,Group 6,Anxiety,0.7572463768115942,0.7478991596638656,0.0581162324649298,0.975951903807615,butterfly,0,0,0,0,0.01799478,1.0181576615929286,positive
12,Group 6,Anxiety,0.7572463768115942,0.7478991596638656,0.0581162324649298,0.975951903807615,carnival,0,0,0,0,0,1,positive
12,Group 6,Anxiety,0.7572463768115942,0.7478991596638656,0.0581162324649298,0.975951903807615,cash,0,0,0,0,0,1,positive
12,Group 6,Anxiety,0.7572463768115942,0.7478991596638656,0.0581162324649298,0.975951903807615,cold,0,0,0,0,0,1,positive
12,Group 6,Anxiety,0.7572463768115942,0.7478991596638656,0.0581162324649298,0.975951903807615,commander,0,0,0,0,0,1,positive
12,Group 6,Anxiety,0.7572463768115942,0.7478991596638656,0.0581162324649298,0.975951903807615,"
crib",-0.00188405797,0.00181014,-0.00344538,0.00413305,0.02430856,1.024606421677094,positive
12,Group 6,Anxiety,0.7572463768115942,0.7478991596638656,0.0581162324649298,0.975951903807615,crow,0,0,0,0,0,1,positive
12,Group 6,Anxiety,0.7572463768115942,0.7478991596638656,0.0581162324649298,0.975951903807615,denial,0,0,0.00193277,0.00580441,0.06113301,1.0630402997744113,positive
12,Group 6,Anxiety,0.7572463768115942,0.7478991596638656,0.0581162324649298,0.975951903807615,dog,0,0,0,0,0,1,positive
12,Group 6,Anxiety,0.7572463768115942,0.7478991596638656,0.0581162324649298,0.975951903807615,downpour,0.00192028986,0.00321853,-0.00403361,0.00677292,-0.2253153,0.7982644862833126,negative
12,Group 6,Anxiety,0.7572463768115942,0.7478991596638656,0.0581162324649298,0.975951903807615,dread,-0.00329710145,0.00347883,0.00294118,0.0068656,-0.1706859,0.8430863453080875,negative
12,Group 6,Anxiety,0.7572463768115942,0.7478991596638656,0.0581162324649298,0.975951903807615,drum,0,0,0,0,0,1,positive
12,Group 6,Anxiety,0.7572463768115942,0.7478991596638656,0.0581162324649298,0.975951903807615,duck,-7.60869565e-4,0.00257705,-0.00336134,0.00411679,0.10227179,1.1076844883865202,positive
12,Group 6,Anxiety,0.7572463768115942,0.7478991596638656,0.0581162324649298,0.975951903807615,"
editor",0,0,0,0,0,1,positive
12,Group 6,Anxiety,0.7572463768115942,0.7478991596638656,0.0581162324649298,0.975951903807615,elm,0,0,0,0,0.00735423,1.0073813387633932,positive
12,Group 6,Anxiety,0.7572463768115942,0.7478991596638656,0.0581162324649298,0.975951903807615,engineer,0,0,0,0,0,1,positive
12,Group 6,Anxiety,0.7572463768115942,0.7478991596638656,0.0581162324649298,0.975951903807615,family,1.08695652e-4,0.00226007,0.00210084,0.00363876,0.07882197,1.0820116743838992,positive
12,Group 6,Anxiety,0.7572463768115942,0.7478991596638656,0.0581162324649298,0.975951903807615,fate,0,0,0,0,0,1,positive
12,Group 6,Anxiety,0.7572463768115942,0.7478991596638656,0.0581162324649298,0.975951903807615,hamster,-0.00384057971,0.0023935,0.00378151,0.00418062,-0.06061072,0.9411895547417087,negative
12,Group 6,Anxiety,0.7572463768115942,0.7478991596638656,0.0581162324649298,0.975951903807615,hawk,0.00278985507,0.00339325,-0.00739496,0.00560952,0.18509003,1.2033267707602904,positive
12,Group 6,Anxiety,0.7572463768115942,0.7478991596638656,0.0581162324649298,0.975951903807615,"
island",0,0,0,0,0,1,positive
12,Group 6,Anxiety,0.7572463768115942,0.7478991596638656,0.0581162324649298,0.975951903807615,jungle,0,0,0,0,0,1,positive
12,Group 6,Anxiety,0.7572463768115942,0.7478991596638656,0.0581162324649298,0.975951903807615,jury,-0.0038768115900000002,0.00252352,-0.00285714,0.00398075,0.15070831,1.1626574730574692,positive
12,Group 6,Anxiety,0.7572463768115942,0.7478991596638656,0.0581162324649298,0.975951903807615,ketchup,0,0,0,0,0,1,positive
12,Group 6,Anxiety,0.7572463768115942,0.7478991596638656,0.0581162324649298,0.975951903807615,kiss,0,0,0,0,0,1,positive
12,Group 6,Anxiety,0.7572463768115942,0.7478991596638656,0.0581162324649298,0.975951903807615,kitchen,3.62318841e-5,0.00226239,0,0,0.05662314,1.058256920534332,positive
12,Group 6,Anxiety,0.7572463768115942,0.7478991596638656,0.0581162324649298,0.975951903807615,knowledge,0,0.00245737,0.00310924,0.00513293,-0.10707808,0.89845551884461194,negative
12,Group 6,Anxiety,0.7572463768115942,0.7478991596638656,0.0581162324649298,0.975951903807615,"
legality",0,0,0,0,0,1,positive
12,Group 6,Anxiety,0.7572463768115942,0.7478991596638656,0.0581162324649298,0.975951903807615,long,-7.24637681e-5,0.00256096,0.00487395,0.00414755,0.05252738,1.0539314183257273,positive
12,Group 6,Anxiety,0.7572463768115942,0.7478991596638656,0.0581162324649298,0.975951903807615,lust,-0.00231884058,0.00318016,-0.00327731,0.00409874,-0.11032164,0.8955460455383301,negative
12,Group 6,Anxiety,0.7572463768115942,0.7478991596638656,0.0581162324649298,0.975951903807615,meeting,-1.8115942e-4,0.00277712,-0.00411765,0.00420084,0.08388806,1.0875071514445005,positive
12,Group 6,Anxiety,0.7572463768115942,0.7478991596638656,0.0581162324649298,0.975951903807615,morning,0,0,0,0,0,1,positive
12,Group 6,Anxiety,0.7572463768115942,0.7478991596638656,0.0581162324649298,0.975951903807615,mosquito,0,0,0,0,0,1,positive
12,Group 6,Anxiety,0.7572463768115942,0.7478991596638656,0.0581162324649298,0.975951903807615,mouth,0,0,0,0,0,1,positive
12,Group 6,Anxiety,0.7572463768115942,0.7478991596638656,0.0581162324649298,0.975951903807615,"
nose",0,0,0,0,0,1,positive
12,Group 6,Anxiety,0.7572463768115942,0.7478991596638656,0.0581162324649298,0.975951903807615,number,-0.00264492754,0.00284622,-0.00504202,0.00411679,-0.10792014,0.8976992838327257,negative
12,Group 6,Anxiety,0.7572463768115942,0.7478991596638656,0.0581162324649298,0.975951903807615,peaceful,5.79710145e-4,0.00368498,6.7227e-4,0.00739114,0.12660662,1.1349704552751696,positive
12,Group 6,Anxiety,0.7572463768115942,0.7478991596638656,0.0581162324649298,0.975951903807615,politician,0,0,0,0,0,1,positive
12,Group 6,Anxiety,0.7572463768115942,0.7478991596638656,0.0581162324649298,0.975951903807615,radish,2.53623188e-4,0.00247095,0.00168067,0.00722884,-0.07731844,0.9255950601810132,negative
12,Group 6,Anxiety,0.7572463768115942,0.7478991596638656,0.0581162324649298,0.975951903807615,river,0,0,0,0,0,1,positive
12,Group 6,Anxiety,0.7572463768115942,0.7478991596638656,0.0581162324649298,0.975951903807615,"
shelves",0,0,0,0,0,1,positive
12,Group 6,Anxiety,0.7572463768115942,0.7478991596638656,0.0581162324649298,0.975951903807615,soft,0,0,0,0,0,1,positive
12,Group 6,Anxiety,0.7572463768115942,0.7478991596638656,0.0581162324649298,0.975951903807615,spaghetti,0,0,0,0,0,1,positive
12,Group 6,Anxiety,0.7572463768115942,0.7478991596638656,0.0581162324649298,0.975951903807615,spatula,0.0038768115900000002,0.00373926,-0.00168067,0.00617518,-0.15451773,0.8568283004416559,negative
12,Group 6,Anxiety,0.7572463768115942,0.7478991596638656,0.0581162324649298,0.975951903807615,spiritual,0,0,0,0,0,1,positive
12,Group 6,Anxiety,0.7572463768115942,0.7478991596638656,0.0581162324649298,0.975951903807615,testimony,0,0,0,0,0,1,positive
12,Group 6,Anxiety,0.7572463768115942,0.7478991596638656,0.0581162324649298,0.975951903807615,"
tired",0,0,0,0,0,1,positive
12,Group 6,Anxiety,0.7572463768115942,0.7478991596638656,0.0581162324649298,0.975951903807615,trial,-0.00137681159,0.00175865,0,0,0.1134915,1.1201823673017917,positive
12,Group 6,Anxiety,0.7572463768115942,0.7478991596638656,0.0581162324649298,0.975951903807615,tulip,-0.00221014493,0.00306989,0.00243697,0.00609403,-0.06340676,0.9385616267070794,negative
12,Group 6,Anxiety,0.7572463768115942,0.7478991596638656,0.0581162324649298,0.975951903807615,umbrella,0,0,0,0,0,1,positive
12,Group 6,Anxiety,0.7572463768115942,0.7478991596638656,0.0581162324649298,0.975951903807615,wit,0,0,0,0,0,1,positive
13,Group 7,Depression,0.75,0.7363636363636363,0,0.0240480961923848,accident,0.00128906,0.0039084,0.00536364,0.00515784,0.10731502,1.1132849062564332,positive
13,Group 7,Depression,0.75,0.7363636363636363,0,0.0240480961923848,advice,0.01328125,0.00560652,0.02145455,0.01102364,-0.33557022,0.7149303025432511,negative
13,Group 7,Depression,0.75,0.7363636363636363,0,0.0240480961923848,animosity,-0.00144531,0.00188595,-0.00409091,0.00452267,-0.03106676,0.969410853047146,negative
13,Group 7,Depression,0.75,0.7363636363636363,0,0.0240480961923848,ant,0.01148437,0.00636659,0.00663636,0.00969408,-0.21071578,0.810004253576847,negative
13,Group 7,Depression,0.75,0.7363636363636363,0,0.0240480961923848,artist,0.00519531,0.00340785,-0.01254545,0.01002311,0.1646623,1.1789949048973887,positive
13,Group 7,Depression,0.75,0.7363636363636363,0,0.0240480961923848,author,0,0,0,0,0.01270831,1.0127894037288372,positive
13,Group 7,Depression,0.75,0.7363636363636363,0,0.0240480961923848,big,-0.00125,0.0042748,0.00463636,0.00454455,0.10284591,1.1083206147939662,positive
13,Group 7,Depression,0.75,0.7363636363636363,0,0.0240480961923848,black,0.00191406,0.00351541,0,0,-0.06933976,0.9330096268694277,negative
13,Group 7,Depression,0.75,0.7363636363636363,0,0.0240480961923848,bugle,0.01003906,0.00485555,-0.00881818,0.00913218,-0.15541499,0.8560598474834075,negative
13,Group 7,Depression,0.75,0.7363636363636363,0,0.0240480961923848,lonely,0.02101562,0.00769006,0.00827273,0.00891605,-0.29187174,0.7468643226484493,negative
13,Group 7,Depression,0.75,0.7363636363636363,0,0.0240480961923848,sick,-1.1719e-4,0.00255882,-0.00290909,0.00424069,-0.0243087,0.9759843768724309,negative
13,Group 7,Depression,0.75,0.7363636363636363,0,0.0240480961923848,symphony,0,0,0,0,-5.3977e-4,0.9994603756496195,negative
13,Group 7,Depression,0.75,0.7363636363636363,0,0.0240480961923848,terrorist,0.00652344,0.00445569,-0.00318182,0.00708566,-0.12289514,0.8843563913101603,negative
14,Group 7,Anxiety,0.80078125,0.7181818181818181,0,0.0210420841683366,accident,0.024375,0.00940944,0.00509091,0.01433484,0.33371716,1.3961482011671649,positive
14,Group 7,Anxiety,0.80078125,0.7181818181818181,0,0.0210420841683366,advice,-1.1719e-4,0.00273186,-0.00527273,0.00729315,0.03620733,1.0368707986298202,positive
14,Group 7,Anxiety,0.80078125,0.7181818181818181,0,0.0210420841683366,animosity,0.01816406,0.00663775,0.01672727,0.01283848,-0.16632768,0.8467687195498622,negative
14,Group 7,Anxiety,0.80078125,0.7181818181818181,0,0.0210420841683366,ant,-2.3437e-4,0.00348599,0.007,0.00382575,-0.0300607,0.9703866292923841,negative
14,Group 7,Anxiety,0.80078125,0.7181818181818181,0,0.0210420841683366,apartment,-0.001875,0.00710637,-0.00409091,0.00452267,-0.1182682,0.8884577362929534,negative
14,Group 7,Anxiety,0.80078125,0.7181818181818181,0,0.0210420841683366,artist,0.00175781,0.00542322,0.01018182,0.00593073,0.06956904,1.0720460727107242,positive
14,Group 7,Anxiety,0.80078125,0.7181818181818181,0,0.0210420841683366,author,0.00300781,0.00493658,8.1818e-4,0.00693476,-0.08926841,0.914600052825635,negative
14,Group 7,Anxiety,0.80078125,0.7181818181818181,0,0.0210420841683366,baseball,-0.003125,0.00382733,-0.00454545,0.00454545,-0.03448664,0.9661012467129285,negative
14,Group 7,Anxiety,0.80078125,0.7181818181818181,0,0.0210420841683366,big,0.0125,0.0073703,-0.009,0.00661766,0.12118958,1.1288388973612273,positive
14,Group 7,Anxiety,0.80078125,0.7181818181818181,0,0.0210420841683366,bird,0.0175,0.00516689,0.01036364,0.00862631,0.13174284,1.1408149095800868,positive
14,Group 7,Anxiety,0.80078125,0.7181818181818181,0,0.0210420841683366,black,0.00503906,0.00605897,0.01672727,0.00897379,0.11550809,1.1224435950802327,positive
14,Group 7,Anxiety,0.80078125,0.7181818181818181,0,0.0210420841683366,cellphone,0.05058594,0.01372618,0.01618182,0.01618999,-0.60228694,0.5475579708859319,negative
14,Group 7,Anxiety,0.80078125,0.7181818181818181,0,0.0210420841683366,chime,0,0,0,0,0.0048045,1.0048160601162364,positive
14,Group 7,Anxiety,0.80078125,0.7181818181818181,0,0.0210420841683366,chocolate,5.0781e-4,0.00711013,0.011,0.01506432,-0.18368142,0.8322008841574587,negative
14,Group 7,Anxiety,0.80078125,0.7181818181818181,0,0.0210420841683366,cloud,-7.4219e-4,0.00477442,0.003,0.00996316,0.05990606,1.0617368023052374,positive
14,Group 7,Anxiety,0.80078125,0.7181818181818181,0,0.0210420841683366,deceit,0.00621094,0.00785331,8.1818e-4,0.01068675,-0.19414577,0.8235378484063557,negative
14,Group 7,Anxiety,0.80078125,0.7181818181818181,0,0.0210420841683366,era,-6.6406e-4,0.00568906,0.009,0.00649157,0.06702895,1.0693264347267872,positive
14,Group 7,Anxiety,0.80078125,0.7181818181818181,0,0.0210420841683366,handshake,0.01039063,0.00658803,0.00527273,0.00928698,0.10782792,1.1138560565438225,positive
14,Group 7,Anxiety,0.80078125,0.7181818181818181,0,0.0210420841683366,heredity,-0.001875,0.00342683,0,0,-0.01449159,0.985612907702081,negative
14,Group 7,Anxiety,0.80078125,0.7181818181818181,0,0.0210420841683366,lemonade,0.00628906,0.00617373,-9.0909e-4,0.00966377,0.11222738,1.1187672170159786,positive
14,Group 7,Anxiety,0.80078125,0.7181818181818181,0,0.0210420841683366,lonely,-0.005,0.00394821,0.004,0.00764069,0.11303291,1.1196687806418248,positive
14,Group 7,Anxiety,0.80078125,0.7181818181818181,0,0.0210420841683366,love,-0.00207031,0.00359948,0.00754545,0.00341484,0.03704997,1.0377448756539902,positive
14,Group 7,Anxiety,0.80078125,0.7181818181818181,0,0.0210420841683366,medicine,0,0,0,0,-0.00219939,0.9978030268859698,negative
14,Group 7,Anxiety,0.80078125,0.7181818181818181,0,0.0210420841683366,night,0.02121094,0.00899719,0.01245455,0.01435414,-0.26081338,0.7704246828544283,negative
14,Group 7,Anxiety,0.80078125,0.7181818181818181,0,0.0210420841683366,oration,0.00664062,0.00645418,0.00581818,0.00867408,-0.18190891,0.8336772766202957,negative
14,Group 7,Anxiety,0.80078125,0.7181818181818181,0,0.0210420841683366,pumpkin,0.00871094,0.00771136,0.00890909,0.01226296,0.18898693,1.208025163490834,positive
14,Group 7,Anxiety,0.80078125,0.7181818181818181,0,0.0210420841683366,rumor,0.00703125,0.00978903,0.006,0.01293467,0.1982935,1.219320211791448,positive
14,Group 7,Anxiety,0.80078125,0.7181818181818181,0,0.0210420841683366,satire,1.1719e-4,0.00384542,0.01009091,0.00587684,-0.08464313,0.9188401323764657,negative
14,Group 7,Anxiety,0.80078125,0.7181818181818181,0,0.0210420841683366,school,7.8125e-4,0.00484753,0.00836364,0.00570341,0.05011698,1.0513940812621239,positive
14,Group 7,Anxiety,0.80078125,0.7181818181818181,0,0.0210420841683366,scream,0.01886719,0.00836074,0.00627273,0.01321751,-0.23794346,0.7882472573338006,negative
14,Group 7,Anxiety,0.80078125,0.7181818181818181,0,0.0210420841683366,sick,0.05496094,0.01255183,0.02963636,0.02099272,-0.50473858,0.603663364478277,negative
14,Group 7,Anxiety,0.80078125,0.7181818181818181,0,0.0210420841683366,soldier,0.0021875,0.00466531,-5.4545e-4,0.00600551,0.06750004,1.0698303023911133,positive
14,Group 7,Anxiety,0.80078125,0.7181818181818181,0,0.0210420841683366,sun,-0.004375,0.00510151,0,0,-0.05967282,0.942072710516262,negative
14,Group 7,Anxiety,0.80078125,0.7181818181818181,0,0.0210420841683366,sympathy,-0.00546875,0.00427908,-0.00536364,0.00447121,0.04344631,1.0444039187602931,positive
14,Group 7,Anxiety,0.80078125,0.7181818181818181,0,0.0210420841683366,table,0.0253125,0.00833195,0.02081818,0.01576139,0.28105867,1.3245313119077413,positive
14,Group 7,Anxiety,0.80078125,0.7181818181818181,0,0.0210420841683366,tea,-0.00246094,0.00397037,0.00245455,0.01027353,-0.04930942,0.951886551389914,negative
14,Group 7,Anxiety,0.80078125,0.7181818181818181,0,0.0210420841683366,terrorist,-0.00453125,0.00232545,-0.00754545,0.00656248,-0.04016554,0.9606304032323322,negative
14,Group 7,Anxiety,0.80078125,0.7181818181818181,0,0.0210420841683366,ticket,0.01507812,0.01066943,0.01981818,0.01392898,0.24831949,1.2818694112365043,positive
14,Group 7,Anxiety,0.80078125,0.7181818181818181,0,0.0210420841683366,trombone,0.01972656,0.00750112,0.01127273,0.01438089,0.25521597,1.2907403519668437,positive
14,Group 7,Anxiety,0.80078125,0.7181818181818181,0,0.0210420841683366,trust,0.00179688,0.00545254,0.00272727,0.01048415,-0.10498781,0.9003354976090886,negative
14,Group 7,Anxiety,0.80078125,0.7181818181818181,0,0.0210420841683366,van,0.00296875,0.00449202,-3.6364e-4,0.00822413,0.04396363,1.0449443495713273,positive
14,Group 7,Anxiety,0.80078125,0.7181818181818181,0,0.0210420841683366,whale,0.0025,0.0054273,0.004,0.00816362,-0.12895613,0.8790125269792906,negative
15,Group 8,Depression,0.7290076335877863,0.672566371681416,0,0.158316633266533,actor,0.01877863,0.01099184,-0.00274336,0.01556592,-0.25471505,0.775137341880418,negative
15,Group 8,Depression,0.7290076335877863,0.672566371681416,0,0.158316633266533,agreement,0.01332061,0.00973836,-0.0280531,0.01475808,0.28536733,1.3302505793315282,positive
15,Group 8,Depression,0.7290076335877863,0.672566371681416,0,0.158316633266533,ball,-0.00164122,0.00329463,0,0,0.0284782,1.0288875808407756,positive
15,Group 8,Depression,0.7290076335877863,0.672566371681416,0,0.158316633266533,battle,-0.00267176,0.00741087,-0.00212389,0.00937552,-0.13993976,0.8694106071163266,negative
15,Group 8,Depression,0.7290076335877863,0.672566371681416,0,0.158316633266533,bee,0.0021374,0.008174,0.00504425,0.01048999,0.17378578,1.189800659421052,positive
15,Group 8,Depression,0.7290076335877863,0.672566371681416,0,0.158316633266533,company,-0.00312977,0.00572214,-0.00548673,0.00943049,0.07971477,1.0829781257664903,positive
15,Group 8,Depression,0.7290076335877863,0.672566371681416,0,0.158316633266533,debate,0.00240458,0.00508236,-0.00539823,0.00749814,0.11292409,1.1195469449143176,positive
15,Group 8,Depression,0.7290076335877863,0.672566371681416,0,0.158316633266533,dime,0.00187023,0.00430114,-0.00893805,0.00580237,0.08651015,1.0903624348403274,positive
15,Group 8,Depression,0.7290076335877863,0.672566371681416,0,0.158316633266533,door,0.00419847,0.00490276,0.0039823,0.00723015,-0.05010281,0.9511316336306069,negative
15,Group 8,Depression,0.7290076335877863,0.672566371681416,0,0.158316633266533,fallacy,-0.00217557,0.00471355,-4.4248e-4,0.00617887,0.04206003,1.042957085585448,positive
15,Group 8,Depression,0.7290076335877863,0.672566371681416,0,0.158316633266533,hairbrush,-0.00229008,0.00652214,0.00424779,0.00796263,0.08864139,1.0926887369494689,positive
15,Group 8,Depression,0.7290076335877863,0.672566371681416,0,0.158316633266533,journalist,0.00687023,0.00830975,-0.01486726,0.01311885,0.46265078,1.5882785869077387,positive
15,Group 8,Depression,0.7290076335877863,0.672566371681416,0,0.158316633266533,liked,0.0020229,0.00343321,0,0,-0.04263982,0.9582564727337118,negative
15,Group 8,Depression,0.7290076335877863,0.672566371681416,0,0.158316633266533,loan,3.4351e-4,0.002704,2.6549e-4,0.00631427,-0.03008993,0.9703582653057515,negative
16,Group 8,Anxiety,0.7786259541984732,0.6991150442477876,0,0.285571142284569,actor,0,0,-0.00867257,0.00586746,0.01396767,1.0140656736652918,positive
16,Group 8,Anxiety,0.7786259541984732,0.6991150442477876,0,0.285571142284569,agreement,0.00282443,0.00395255,0.0120354,0.00806427,-0.1177589,0.8889103430645785,negative
16,Group 8,Anxiety,0.7786259541984732,0.6991150442477876,0,0.285571142284569,asparagus,0.00580153,0.0085428,-0.00911504,0.01379254,0.32907243,1.3896785063567145,positive
16,Group 8,Anxiety,0.7786259541984732,0.6991150442477876,0,0.285571142284569,axe,-0.00206107,0.00190228,-0.00274336,0.00409286,-0.00545652,0.9945583397654342,negative
16,Group 8,Anxiety,0.7786259541984732,0.6991150442477876,0,0.285571142284569,ball,-0.00416031,0.00241968,0,0,0.02867445,1.029089519843132,positive
16,Group 8,Anxiety,0.7786259541984732,0.6991150442477876,0,0.285571142284569,battle,-0.0010687,0.00512304,0.00159292,0.00795279,0.14741269,1.1588321027818191,positive
16,Group 8,Anxiety,0.7786259541984732,0.6991150442477876,0,0.285571142284569,belch,-0.00343511,0.00225805,-0.00575221,0.00422097,-0.01357376,0.986517948070223,negative
16,Group 8,Anxiety,0.7786259541984732,0.6991150442477876,0,0.285571142284569,child,0,0,-0.00451327,0.00442389,0.06628598,1.068532252328959,positive
16,Group 8,Anxiety,0.7786259541984732,0.6991150442477876,0,0.285571142284569,company,0.00507634,0.00547959,0.00477876,0.00852686,0.14647073,1.1577410432421784,positive
16,Group 8,Anxiety,0.7786259541984732,0.6991150442477876,0,0.285571142284569,debate,-0.00374046,0.00285521,0.00513274,0.00803119,-0.04295229,0.9579570931096881,negative
16,Group 8,Anxiety,0.7786259541984732,0.6991150442477876,0,0.285571142284569,door,0.00118321,0.00692714,0.00584071,0.00763528,0.20513086,1.2276857094039153,positive
16,Group 8,Anxiety,0.7786259541984732,0.6991150442477876,0,0.285571142284569,fallacy,0.00793893,0.00852915,-0.01097345,0.01796787,-0.32705108,0.721046911009711,negative
16,Group 8,Anxiety,0.7786259541984732,0.6991150442477876,0,0.285571142284569,flood,0.00549618,0.00577132,-0.00769912,0.01397306,-0.2395211,0.7870046673682856,negative
16,Group 8,Anxiety,0.7786259541984732,0.6991150442477876,0,0.285571142284569,gratitude,0,0,0,0,-0.02347221,0.9768011195947769,negative
16,Group 8,Anxiety,0.7786259541984732,0.6991150442477876,0,0.285571142284569,ivy,0.00851145,0.00948617,-0.02716814,0.01594174,-0.38565893,0.6800024145564364,negative
16,Group 8,Anxiety,0.7786259541984732,0.6991150442477876,0,0.285571142284569,lightning,0,0,0,0,0.0060424,1.006060692123096,positive
16,Group 8,Anxiety,0.7786259541984732,0.6991150442477876,0,0.285571142284569,loan,-0.00221374,0.00188381,-0.00814159,0.00634211,0.02429597,1.024593521963449,positive
16,Group 8,Anxiety,0.7786259541984732,0.6991150442477876,0,0.285571142284569,penguin,0.00209924,0.00459206,-2.6549e-4,0.00853007,0.14787183,1.1593642911186177,positive
16,Group 8,Anxiety,0.7786259541984732,0.6991150442477876,0,0.285571142284569,rum,-0.00175573,0.00190228,0.01566372,0.00865765,-0.05860735,0.9430769956499689,negative
16,Group 8,Anxiety,0.7786259541984732,0.6991150442477876,0,0.285571142284569,storm,1.5267e-4,0.0028006,0.00814159,0.00737015,0.0803896,1.0837091985422782,positive
