"","Word","Group","proportion_diff_depr","proportion_diff_anx","anger","anticipation","disgust","fear","joy","negative","positive","sadness","surprise","trust"
"1","accident",7,-0.019615459312488,0.00581395348837199,0,0,0,1,0,1,0,1,1,0
"2","accordion",4,-0.094474806718208,-0.086865021770682,0,0,0,0,0,0,0,0,0,0
"3","actor",8,-0.068693693693693,-0.081372852499613,0,0,0,0,0,0,0,0,0,0
"4","advantage",1,0.00153930731171004,0.036490955067107,0,0,0,0,0,0,1,0,0,0
"5","advice",7,-0.0749271703243339,-0.0206810631229229,0,0,0,0,0,0,0,0,0,1
"6","aggressive",2,-0.069730533972558,-0.0805945442632,1,0,0,1,0,1,0,0,0,0
"7","agreement",8,0.062141687141687,-0.010602073982355,0,0,0,0,0,0,1,0,0,1
"8","airport",5,0.099539723834301,0.069467146126185,0,1,0,0,0,0,0,0,0,0
"9","alligator",6,0.021850079744817,-0.012615673799885,0,0,0,0,0,0,0,0,0,0
"10","ambulance",3,-0.033621273712737,0.038454722665249,0,0,0,1,0,0,0,0,0,1
"11","analogy",5,-0.01652991795077,0.035550833605754,0,0,0,0,0,0,0,0,0,0
"12","angry",2,0.044370970408332,-0.041728454667725,1,0,1,0,0,1,0,0,0,0
"13","animosity",7,-0.086230335987571,-0.148255813953488,1,0,1,1,0,1,0,1,0,0
"14","ant",7,-0.050534084288212,-0.00955149501661195,0,0,0,0,0,0,0,0,0,0
"15","apartment",7,-0.109768887162556,-0.0500830564784061,0,0,0,0,0,0,0,0,0,0
"16","apology",4,-0.0744801386296989,-0.121044992743106,0,0,0,0,0,0,1,0,0,0
"17","applause",1,0.04819497892615,0.020579653763859,0,0,0,0,1,0,1,0,1,1
"18","arm",5,0.0966980188112869,0.068813337692056,0,0,0,0,0,0,0,0,0,0
"19","army",6,-0.00446570972886701,0.021255060728745,0,0,0,0,0,0,0,0,0,0
"20","artist",7,0.016003107399495,-0.000830564784052967,0,0,0,0,0,0,0,0,0,0
"21","attribute",5,0.067400440264158,0.07649558679307,0,0,0,0,0,0,0,0,0,0
"22","audience",5,-0.01212727636582,0.06685191238967,0,1,0,0,0,0,0,0,0,0
"23","author",7,-0.047154787337348,-0.025,0,0,0,0,0,0,1,0,0,1
"24","avalanche",3,-0.032181571815718,-0.036239588871168,0,0,0,1,0,1,0,1,1,0
"25","awe",1,0.02715777899945,0.0241587239836609,0,0,0,0,0,0,0,0,0,0
"26","ball",8,0.089373464373465,0.107916731156167,0,0,0,0,0,0,0,0,0,0
"27","banana",6,0.00287081339712891,0.063439849624061,0,0,0,0,0,0,0,0,0,0
"28","banjo",1,0.011068352574675,0.018284380470726,0,0,0,0,0,0,0,0,0,0
"29","banker",1,-0.031482499541872,-0.00462944952343902,0,0,0,0,0,0,0,0,0,1
"30","bar",6,0.046251993620414,-0.00310873337189199,0,0,0,0,0,0,0,0,0,0
"31","barbecue",2,0.010051248140188,-0.015863710038969,0,0,0,0,0,0,0,0,0,0
"32","baseball",7,-0.072013983297728,-0.072259136212624,0,0,0,0,0,0,0,0,0,0
"33","battle",8,-0.071150696150696,-0.058427488004953,1,0,0,0,0,1,0,0,0,0
"34","bay",4,-0.0861770194614769,0.00566037735849101,0,0,0,0,0,0,0,0,0,0
"35","beach",8,0.056101556101557,0.079863798173657,0,0,0,0,1,0,0,0,0,0
"36","bed",6,-0.015151515151515,0.02927993059572,0,0,0,0,0,0,0,0,0,0
"37","bee",8,0.131654381654382,0.088918124129391,1,0,0,1,0,0,0,0,0,0
"38","beer",4,0.0236936816848841,-0.00261248185776397,0,0,0,0,1,0,1,0,0,0
"39","belief",1,0.085981308411215,0.080762497568567,0,0,0,0,0,0,0,0,0,0
"40","bell",2,-0.10133906430815,-0.066041314618754,0,0,0,0,0,0,0,0,0,0
"41","bicycle",1,0.087740516767454,0.094300719704338,0,0,0,0,0,0,0,0,0,0
"42","big",7,0.0513886191493501,0.0124584717607981,0,0,0,0,0,0,0,0,0,0
"43","bird",7,-0.058885220431152,-0.00963455149501596,0,0,0,0,0,0,0,0,0,0
"44","blue",1,0.014806670331684,0.092822408091811,0,0,0,0,0,0,0,1,0,0
"45","boat",7,-0.039463973587105,-0.044435215946844,0,0,0,0,0,0,0,0,0,0
"46","bonfire",3,-0.03760162601626,-0.042087542087542,0,0,0,0,0,0,0,0,0,0
"47","book",2,0.064870226483716,0.05524709452702,0,0,0,0,0,0,0,0,0,0
"48","bread",1,0.00971229613340707,0.0236918887376,0,0,0,0,0,0,0,0,0,0
"49","bribe",6,-0.059170653907496,-0.089611046847889,0,0,0,0,0,1,0,0,0,0
"50","bridge",1,-0.00128275609309203,-0.025714841470531,0,0,0,0,0,0,0,0,0,0
"51","bugle",7,-0.031112837444164,0.00124584717608001,0,1,0,0,0,0,0,0,0,0
"52","bus",5,0.06647988793276,0.038166067342269,0,0,0,0,0,0,0,0,0,0
"53","business",2,-0.0882790543891561,-0.153119288202228,0,0,0,0,0,0,0,0,0,0
"54","butterfly",6,0.042264752791069,0.018724696356275,0,0,0,0,0,0,0,0,0,0
"55","cab",2,-0.0871218383203839,-0.099286133048247,0,0,0,0,0,0,1,0,0,0
"56","cabbage",2,-0.011109274260208,0.05938545366762,0,0,0,0,0,0,0,0,0,0
"57","cabinet",1,-0.032911856331317,0.017817545224664,0,0,0,0,0,0,1,0,0,1
"58","camel",3,-0.039380081300813,-0.00265816055289803,0,0,0,0,0,0,0,0,0,0
"59","car",5,0.084370622373424,0.06309251389343,0,0,0,0,0,0,0,0,0,0
"60","carriage",5,-0.00632379427656599,-0.022883295194508,0,0,0,0,0,0,0,0,0,0
"61","cash",6,-0.023763955342902,-0.00683198380566796,1,1,0,1,1,0,1,0,0,1
"62","cathedral",4,-0.00616502266062402,0.072351233671989,0,0,0,0,1,0,1,0,0,1
"63","chair",2,-0.00353777483881701,0.073421388419492,0,0,0,0,0,0,0,0,0,0
"64","cheetah",4,0.09400826446281,0.064187227866473,0,0,0,0,0,0,0,0,0,0
"65","cherry",3,-0.057757452574526,-0.064593301435406,0,0,0,0,0,0,1,0,0,0
"66","chestnut",5,0.145167100260156,0.0560640732265451,0,0,0,0,0,0,0,0,0,0
"67","chicken",5,0.014728837302382,0.086629617522066,0,0,0,1,0,0,0,0,0,0
"68","child",8,0.0993038493038501,0.129043491719548,0,1,0,0,1,0,1,0,0,0
"69","chime",7,0.087512138279277,0.069019933554817,0,0,0,0,0,0,0,0,0,0
"70","chocolate",7,0.032627694698,-0.024418604651163,0,1,0,0,1,0,1,0,0,1
"71","choir",3,-0.089515582655826,-0.026404394825448,0,0,0,0,1,0,1,0,0,1
"72","church",2,-0.115919986774673,-0.063868676069939,0,1,0,0,1,0,1,0,0,1
"73","circus",1,-0.039252336448598,-0.085547558840692,0,0,0,0,0,0,0,0,0,0
"74","clarinet",2,-0.006182840138866,-0.00679380625581999,0,0,0,0,0,0,0,0,0,0
"75","clever",1,-0.00963899578522998,-0.040731375218829,0,0,0,0,0,0,1,0,0,0
"76","cloud",7,0.025869100796271,0.052076411960133,0,0,0,0,0,0,0,0,0,0
"77","clue",1,0.040168590800806,-0.057031705893795,0,1,0,0,0,0,0,0,0,0
"78","coffee",2,-0.0139196561415109,-0.000586267544917973,0,0,0,0,0,0,0,0,0,0
"79","cold",6,-0.014992025518341,-0.042871602082128,0,0,0,0,0,1,0,0,0,0
"80","college",4,0.020861103705679,0.046190130624093,0,0,0,0,0,0,0,0,0,0
"81","comb",7,-0.059739755292289,-0.042940199335548,0,0,0,0,0,0,0,0,0,0
"82","commander",6,-0.019298245614035,0.000469924812030009,0,0,0,0,0,0,0,0,0,0
"83","company",8,0.0670556920556921,0.016057885776195,0,0,0,0,0,0,0,0,0,0
"84","computer",5,-0.013848308985391,0.045439686171952,0,0,0,0,0,0,0,0,0,0
"85","corkscrew",4,-0.00736470274593404,0.04655297532656,0,0,0,0,0,0,0,0,0,0
"86","corn",5,0.06884130478287,0.139669826740765,0,0,0,0,0,0,0,0,0,0
"87","cough",1,0.017482133040132,-0.050301497763081,0,0,1,0,0,1,0,0,0,0
"88","council",1,0.048524830492945,0.084730597160086,0,1,0,0,0,0,1,0,0,1
"89","couple",8,0.117833742833743,0.13032038384151,0,0,0,0,0,0,0,0,0,0
"90","court",5,0.023213928357014,-0.03710362863681,1,1,0,1,0,0,0,0,0,0
"91","crib",6,0.044976076555024,0.042943898207056,0,0,0,0,0,0,0,0,0,0
"92","criminal",3,-0.04835704607046,-0.00248094984937,1,0,1,1,0,1,0,0,0,0
"93","crow",6,-0.00526315789473697,-0.057764603817236,0,0,0,0,0,0,0,0,0,0
"94","curse",3,0.027693089430895,0.060606060606061,1,0,1,1,0,1,0,1,0,0
"95","cyclone",8,-0.053439803439803,-0.075297941495125,0,0,0,1,0,1,0,0,1,0
"96","dangerous",4,-0.037823247134098,-0.058744557329463,0,0,0,1,0,1,0,0,0,0
"97","dark",1,0.0527762506871901,0.011826492900214,0,0,0,0,0,0,0,1,0,0
"98","day",1,0.00820963899578497,0.035012643454581,0,0,0,0,0,0,0,0,0,0
"99","debate",8,-0.012592137592138,0.00816437084042698,0,0,0,0,0,0,1,0,0,0
"100","deceit",7,-0.048358904641678,-0.089202657807309,1,0,1,1,0,1,0,1,1,0
"101","delirium",4,-0.211976806185018,-0.173149492017417,0,0,1,0,0,1,0,1,0,0
"102","denial",6,-0.061722488038277,-0.040341237709659,0,0,0,0,0,1,0,0,0,0
"103","desk",5,0.0176906143686221,0.010869565217391,0,0,0,0,0,0,0,0,0,0
"104","dictation",4,0.012996534257531,0.027322206095791,0,0,0,0,0,0,0,0,0,0
"105","dime",8,0.00921375921376,-0.024377031419284,0,0,0,0,0,0,0,0,0,0
"106","dinner",8,0.087223587223587,0.111670020120725,0,0,0,0,0,0,1,0,0,0
"107","diplomat",8,0.082514332514333,0.049644017953877,0,0,0,0,0,0,0,0,0,0
"108","doctor",2,-0.023574144486692,-0.038521226333759,0,0,0,0,0,0,1,0,0,1
"109","dog",6,-0.00510366826156294,0.047137073452863,0,0,0,0,0,0,0,0,0,0
"110","dolphin",8,0.04914004914005,-0.057460145488315,0,0,0,0,1,0,1,0,1,1
"111","door",8,-0.00675675675675597,-0.01307847082495,0,0,0,0,0,0,0,0,0,0
"112","downpour",6,-0.087878787878788,-0.118601792943898,0,0,0,0,0,0,0,0,0,0
"113","dread",6,-0.160925039872408,-0.125036148062464,0,1,0,1,0,1,0,0,0,0
"114","driver",1,-0.057943925233645,-0.035751799260844,0,0,0,0,0,0,0,0,0,0
"115","drum",6,0.00414673046252001,0.085923944476576,0,0,0,0,0,0,0,0,0,0
"116","dusty",3,-0.087228997289972,-0.110047846889952,0,0,0,0,0,0,0,0,0,0
"117","editor",6,-0.118341307814992,-0.082128397917872,0,0,0,0,0,0,0,0,0,0
"118","egg",5,0.132919751851111,0.0384112455050669,0,0,0,0,0,0,0,0,0,0
"119","election",3,0.0642784552845531,0.142566010987063,0,0,0,0,0,0,0,0,0,0
"120","elephant",7,-0.030025247620898,0.075415282392027,0,0,0,0,0,0,0,0,0,0
"121","elevator",8,0.023546273546274,0.044110818758706,0,0,0,0,0,0,0,0,0,0
"122","embassy",4,-0.028958944281525,0.064187227866473,0,0,0,0,0,0,0,0,0,0
"123","embrace",2,0.0230120681104321,-0.00475911301169007,0,1,0,0,1,0,1,0,1,1
"124","empty",4,-0.040622500666489,-0.141255442670537,0,0,0,0,0,0,0,0,0,0
"125","engineer",6,0.029984051036683,0.120011567379988,0,0,0,0,0,0,0,0,0,0
"126","era",7,-0.0292483977471359,-0.051827242524917,0,0,0,0,0,0,0,0,0,0
"127","escalator",3,-0.067411924119241,-0.025695552011342,0,0,0,0,0,0,0,0,0,0
"128","etiquette",2,-0.058984956191106,-0.0798013587612519,0,0,0,0,0,0,0,0,0,0
"129","evening",3,0.018207994579946,0.00788587630692894,0,0,0,0,0,0,0,0,0,0
"130","excuse",2,-0.081732517771532,-0.102217470772839,0,0,0,0,0,1,0,0,0,0
"131","expensive",3,-0.016429539295393,0.037657274499379,0,0,0,0,0,0,0,0,0,0
"132","explosion",4,-0.035023993601706,-0.043178519593613,0,0,0,1,0,1,0,0,1,0
"133","eye",5,0.00164098459075401,0.047973193854201,0,0,0,0,0,0,0,0,0,0
"134","fallacy",8,0.011773136773137,-0.055331991951711,0,0,0,0,0,1,0,0,0,0
"135","famous",8,0.036957411957412,-0.100681009131714,0,0,0,0,0,0,1,0,0,0
"136","farm",2,0.00142172259877704,-0.012449563747974,0,1,0,0,0,0,0,0,0,0
"137","farmer",1,0.00472787245739403,-0.014666407313752,0,0,0,0,0,0,0,0,0,0
"138","fate",6,-0.043700159489633,-0.0176041064198951,0,1,0,0,0,1,0,0,0,0
"139","feather",8,0.0281531531531539,0.0367590156322559,0,0,0,0,0,0,0,0,0,0
"140","fee",7,-0.021441056515829,0.02516611295681,1,0,0,0,0,1,0,0,0,0
"141","fence",4,-0.030558517728605,-0.032692307692308,0,0,0,0,0,0,0,0,0,0
"142","festival",5,0.029097458475085,0.022147760706113,0,1,0,0,1,0,1,0,1,0
"143","fiddle",4,-0.052319381498267,-0.01455007256894,0,0,0,0,0,0,0,0,0,0
"144","field",1,0.011728055708265,-0.036490955067107,0,0,0,0,0,0,0,0,0,0
"145","finger",2,0.04585881963961,0.049832741318068,0,0,0,0,0,0,0,0,0,0
"146","fish",4,-0.020061316982138,0.00224963715529697,0,0,0,0,0,0,0,0,0,0
"147","flood",8,-0.080569205569205,-0.085745240674819,0,0,0,1,0,0,0,0,0,0
"148","flute",4,-0.031758197813917,-0.00493468795355601,0,0,0,0,0,0,0,0,0,0
"149","folly",5,-0.027936762057234,-0.078130107878392,0,0,0,0,0,1,0,0,0,0
"150","foot",5,-0.04018411046628,0.035877737822817,0,0,0,0,0,0,0,0,0,0
"151","football",2,0.081864771036535,-0.002620960789047,0,1,0,0,1,0,1,0,0,0
"152","forest",1,-0.029833241707898,0.00630227582182397,0,0,0,0,0,0,0,0,0,0
"153","fountain",4,-0.047687283391095,-0.138461538461538,0,0,0,0,0,0,0,0,0,0
"154","friendly",3,0.023289295392954,-0.0700868332447281,0,1,0,0,1,0,1,0,0,1
"155","fun",3,0.0232046070460701,0.012138933191565,0,1,0,0,1,0,1,0,0,0
"156","funeral",5,-0.00984590754452702,-0.02451781627983,0,0,0,0,0,0,0,1,0,0
"157","garden",3,-0.044969512195122,-0.00186071238702801,0,0,0,0,1,0,1,0,0,0
"158","gasp",4,0.031924820047987,-0.022351233671989,0,0,0,0,0,0,0,0,1,0
"159","glass",1,0.031995601979109,0.082513129741296,0,0,0,0,0,0,0,0,0,0
"160","gong",2,0.00472805422383898,-0.013208262923751,0,0,0,0,0,0,0,0,0,0
"161","gratitude",8,0.124283374283375,0.070693391115927,0,0,0,0,1,0,1,0,0,0
"162","green",3,-0.054115853658537,-0.00717703349282306,0,0,0,0,1,0,1,0,0,1
"163","grief",3,-0.032012195121952,-0.00646819067871696,0,0,0,0,0,1,0,1,0,0
"164","grievance",3,-0.05835027100271,-0.023125996810208,1,0,1,0,0,1,0,1,0,0
"165","guard",2,0.024797487187965,0.026899334413905,0,0,0,1,0,0,1,0,0,1
"166","guilt",2,-0.049165151264672,-0.088181536020968,0,0,1,0,0,1,0,1,0,0
"167","gum",5,-0.038463077846708,0.057289964040536,0,0,0,0,0,0,0,0,0,0
"168","hair",2,0.0838816333278231,0.0606614477359729,0,0,0,0,0,0,0,0,0,0
"169","hall",4,-0.048487070114636,-0.012844702467344,0,0,0,0,0,0,0,0,0,0
"170","ham",5,0.095457274364619,0.078211833932657,0,0,0,0,0,0,0,0,0,0
"171","hand",1,0.059190031152648,0.126317836996693,0,0,0,0,0,0,0,0,0,0
"172","happy",3,-0.00584349593495992,-0.00744284954811203,0,1,0,0,1,0,1,0,0,1
"173","harmonica",8,0.046785421785422,0.030026311716452,0,0,0,0,0,0,0,0,0,0
"174","hawk",6,0.10334928229665,0.084947946790052,0,0,0,1,0,0,0,0,0,0
"175","heredity",7,0.046610992425713,-0.034883720930233,0,0,0,0,0,0,0,0,0,0
"176","heroism",5,0.064158495097058,0.076985943118666,0,1,0,0,1,0,1,0,1,1
"177","highway",3,-0.024644308943089,0.026138578770158,0,0,0,0,0,0,0,0,0,0
"178","hoe",1,-0.012461059190031,0.023808597549115,0,0,0,0,0,0,0,0,0,0
"179","honey",4,-0.001299653425753,0.0601959361393319,0,0,0,0,0,0,1,0,0,0
"180","honeymoon",1,0.067876122411581,0.106905271347987,0,1,0,0,1,0,1,0,1,1
"181","hope",1,0.15990470954737,0.119782143551839,0,1,0,0,1,0,1,0,1,1
"182","horse",5,0.087252351410846,0.043151356652501,0,0,0,0,0,0,0,0,0,1
"183","hospital",1,0.110940076965366,0.095039875510601,0,0,0,1,0,0,0,1,0,1
"184","hot",3,-0.0609756097560979,-0.0354421407052991,1,0,0,0,0,0,0,0,0,0
"185","hotel",1,0.00271211288253703,0.0173507099786029,0,0,0,0,0,0,0,0,0,0
"186","hurricane",5,-0.006643986391835,-0.00441320693037001,0,0,0,1,0,1,0,0,0,0
"187","hygiene",3,-0.130928184281843,-0.131401736664895,0,0,0,0,0,0,0,0,0,0
"188","ice",1,-0.078724573941726,-0.077728068469169,0,0,0,0,0,0,0,0,0,0
"189","infinity",5,0.0279367620572339,0.00498528931023201,0,1,0,0,1,0,1,0,0,1
"190","injured",8,-0.068386568386568,-0.115075065779292,0,0,0,1,0,1,0,1,0,0
"191","insult",4,-0.077146094374833,-0.099528301886792,1,0,1,0,0,1,0,1,1,0
"192","intellect",8,-0.00511875511875504,0.095766909147191,0,0,0,0,0,0,1,0,0,0
"193","ire",4,0.021860837110104,-0.037191582002903,1,0,0,0,0,1,0,0,0,0
"194","irony",5,-0.020052031218732,-0.039228506047728,0,0,0,0,0,0,0,0,0,0
"195","island",6,-0.073684210526316,0.01088056680162,0,0,0,0,0,0,0,0,0,0
"196","jam",4,-0.00209944014929309,0.078701015965167,0,0,0,0,0,0,1,0,0,0
"197","jaw",3,-0.023797425474255,-0.031366294524189,0,0,0,0,0,0,0,0,0,0
"198","jealousy",2,-0.083352620267813,-0.101976066489637,1,0,1,1,0,1,0,1,0,0
"199","joke",5,0.090494296577947,0.130434782608696,0,0,0,0,0,1,0,0,0,0
"200","journalist",8,0.108517608517609,0.00793220863643401,0,0,0,0,0,0,1,0,0,0
"201","joy",5,0.107504502701621,0.067178816606735,0,0,0,0,1,0,1,0,0,0
"202","judge",3,-0.067327235772357,-0.120060251639199,0,0,0,0,0,0,0,0,0,0
"203","jungle",6,-0.068740031897927,-0.004084731058416,0,0,0,1,0,0,0,0,0,0
"204","jury",6,-0.011961722488038,0.039799016772701,0,0,0,0,0,0,0,0,0,1
"205","key",5,0.010406243746247,-0.02974828375286,0,0,0,0,0,0,0,0,0,0
"206","kiss",6,-0.074162679425838,-0.049667437825332,0,1,0,0,1,0,1,0,1,0
"207","kitchen",6,0.02615629984051,0.061126373626374,0,0,0,0,0,0,0,0,0,0
"208","knowledge",6,-0.0207336523126,-0.078368999421631,0,0,0,0,0,0,1,0,0,0
"209","lab",4,0.00109970674486803,0.00468069666182902,0,0,0,0,0,0,0,0,0,0
"210","lake",1,-0.149569360454462,-0.128262983855281,0,0,0,0,0,0,0,0,0,0
"211","landslide",4,0.023027192748601,-0.000580551523948009,0,0,0,1,0,1,0,1,0,0
"212","law",8,0.086097461097462,0.025653923541247,0,0,0,0,0,0,0,0,0,1
"213","lawyer",2,-0.04744585881964,-0.056247197985999,1,0,1,1,0,1,0,0,0,0
"214","leg",4,-0.02062783257798,0.01201015965167,0,0,0,0,0,0,0,0,0,0
"215","legality",6,-0.026475279106859,0.037485540775014,0,0,0,0,0,0,0,0,0,0
"216","lightning",8,0.03511466011466,0.038655006964866,1,0,0,1,0,0,0,0,1,0
"217","limousine",3,-0.031334688346883,0.051922736133262,0,0,0,0,0,0,0,0,0,0
"218","lip",8,0.05077805077805,0.065895372233401,0,0,0,0,0,0,0,0,0,0
"219","loan",8,-0.032862407862407,-0.035907754217614,0,0,0,0,0,0,0,0,0,0
"220","lonely",7,-0.15719557195572,-0.143023255813954,1,0,1,1,0,1,0,1,0,0
"221","long",6,-0.068261562998405,-0.012073452862926,0,1,0,0,0,0,0,0,0,0
"222","loud",3,0.035992547425475,0.074871522239943,0,0,0,0,0,0,0,0,0,0
"223","love",7,0.067585939017285,-0.00498338870431891,0,0,0,0,1,0,1,0,0,0
"224","luck",3,0.0420054200542,-0.021442495126705,0,1,0,0,1,0,1,0,1,0
"225","lust",6,-0.04066985645933,-0.0605841526894151,0,1,0,0,0,1,0,0,0,0
"226","magazine",2,0.069829723921309,-0.017588026347554,0,0,0,0,0,0,0,0,0,0
"227","majority",5,0.12939763858315,0.124550506701536,0,0,0,0,1,0,1,0,0,1
"228","malice",3,-0.098577235772357,0.00744284954811197,1,0,0,1,0,1,0,0,0,0
"229","mandolin",4,-0.096274326846175,-0.051923076923077,0,0,0,0,0,0,0,0,0,0
"230","mayor",3,-0.0522527100271,0.028973950026582,0,0,0,0,0,0,1,0,0,0
"231","medicine",7,0.00570984657215001,0.013205980066445,0,0,0,0,0,0,0,0,0,0
"232","meeting",6,-0.026953748006379,0.105443898207056,0,0,0,0,0,0,0,0,0,0
"233","mercy",3,-0.036924119241193,-0.068669147616516,0,0,0,0,0,0,1,0,0,0
"234","minister",3,0.052168021680217,0.077529682792841,0,0,0,0,0,0,0,0,0,0
"235","mob",5,-0.073323994396638,-0.056636155606407,1,0,0,1,0,1,0,0,0,0
"236","monkey",8,0.114660114660115,0.025537842439251,0,0,0,0,0,0,0,0,0,0
"237","moose",2,0.000363696478756004,-0.047142807876677,0,0,0,0,0,0,0,0,0,0
"238","moral",2,0.073036865597619,0.1189433389661,1,0,0,0,0,0,1,0,0,1
"239","morning",6,0.0692185007974481,0.05320994794679,0,0,0,0,0,0,0,0,0,0
"240","mosquito",6,0.00701754385964898,0.00943464430306501,1,0,1,0,0,1,0,0,0,0
"241","motive",7,0.00493299669838798,-0.041943521594685,0,0,0,0,0,0,1,0,0,0
"242","mountain",5,0.030218130878527,-0.042497548218372,0,1,0,0,0,0,0,0,0,0
"243","mouse",7,0.048980384540687,0.05124584717608,0,0,0,0,0,0,0,0,0,0
"244","mouth",6,-0.0153110047846891,-0.0299305957200691,0,0,0,0,0,0,0,0,1,0
"245","muscle",7,0.026762478151098,0.00606312292358802,0,0,0,0,0,0,0,0,0,0
"246","mushroom",1,-0.01029869891882,0.056292550087532,0,0,0,0,0,0,0,0,0,0
"247","musical",2,-0.062754174243677,-0.090147256612753,1,1,0,0,1,0,1,1,1,1
"248","mustard",7,0.051815886579918,0.051910299003322,0,0,0,0,0,0,0,0,0,0
"249","mystery",8,0.056101556101557,0.050843522674509,0,1,0,0,0,0,0,0,1,0
"250","newspaper",7,-0.096096329384347,-0.003571428571429,0,0,0,0,0,0,0,0,0,0
"251","night",7,0.052359681491552,-0.025,0,0,0,0,0,0,0,0,0,0
"252","nose",6,-0.0400318979266351,-0.0836104684788891,0,0,1,0,0,0,0,0,0,0
"253","noun",3,-0.00525067750677599,-0.0489101541733121,0,0,0,0,0,0,0,0,0,0
"254","number",6,0.0467304625199361,-0.0396544245228451,0,0,0,0,0,0,0,0,0,0
"255","oak",3,-0.034044715447154,0.012581959950381,0,0,0,0,0,0,1,0,0,0
"256","office",8,0.083128583128584,0.040280142392819,0,0,0,0,0,0,0,0,0,0
"257","optimism",8,0.203419328419329,0.1863488624052,0,1,0,0,1,0,1,0,1,1
"258","oration",7,0.00112643231695403,-0.141943521594685,0,0,0,0,0,0,1,0,0,0
"259","pan",8,0.093161343161344,0.0969277201671561,0,0,0,0,0,0,0,0,0,0
"260","parade",3,-0.028116531165311,-0.050062023746235,0,1,0,1,1,1,1,0,1,0
"261","paradox",2,0.063845263679947,0.053005483325861,0,0,0,0,0,0,0,0,0,0
"262","parent",5,0.133480088052832,0.101176855181432,0,0,0,0,0,0,0,0,0,0
"263","park",1,0.0183983873923401,-0.00980354016728202,0,0,0,0,0,0,0,0,0,0
"264","party",8,0.011158886158887,-0.012111128308312,0,0,0,0,0,0,0,0,0,0
"265","patent",4,-0.00999733404425501,-0.00968795355587798,0,0,0,0,0,0,1,0,0,0
"266","patient",1,-0.047608576140737,-0.0160669130519351,0,1,0,0,0,0,1,0,0,0
"267","pea",4,0.024093575046654,0.081857764876632,0,0,0,0,0,0,0,0,0,0
"268","peace",7,-0.025752573315207,-0.062043189368771,0,1,0,0,1,0,1,0,0,1
"269","peaceful",6,0.0317384370015941,0.040268941584731,0,1,0,0,1,0,1,0,1,1
"270","pen",2,0.023045131426682,0.1189433389661,0,0,0,0,0,0,0,0,0,0
"271","pencil",8,0.072583947583947,0.120414796471135,0,0,0,0,0,0,0,0,0,0
"272","perjury",8,-0.12039312039312,-0.104202135892277,0,0,0,1,0,1,0,0,1,0
"273","piano",1,0.053362653472604,0.00225637035596199,0,0,0,0,0,0,0,0,0,0
"274","pie",3,-0.0275237127371281,0.0298600035442149,0,0,0,0,0,0,0,0,0,0
"275","pig",1,0.0587135788895,0.025831550282047,0,0,1,0,0,1,0,0,0,0
"276","pilot",4,0.023460410557184,0.019521044992744,0,0,0,0,0,0,1,0,0,1
"277","pineapple",2,0.0268804761117539,0.115977514915337,0,0,0,0,0,0,0,0,0,0
"278","plane",2,-0.052901306000992,-0.066075800944926,0,0,0,0,0,0,0,0,0,0
"279","plea",2,-0.066556455612498,-0.119908956098907,0,1,0,1,0,1,0,1,0,0
"280","plot",4,-0.06078379098907,0.000544267053701031,0,0,0,0,0,0,0,0,0,0
"281","plum",1,-0.00663368150998694,0.021124294884264,0,0,0,0,0,0,1,0,0,0
"282","policeman",3,0.051151761517615,0.093124224703172,0,0,0,1,0,0,1,0,0,1
"283","politician",6,-0.013875598086124,-0.051041064198959,0,0,0,0,0,0,0,0,0,0
"284","powerful",8,-0.104422604422604,-0.173541247484909,1,1,1,1,1,0,1,0,0,1
"285","prairie",5,-0.010126075645388,-0.055900621118013,0,0,0,0,0,0,0,0,0,0
"286","priest",2,-0.101206811043148,-0.079628927130393,0,0,0,0,0,0,1,0,0,1
"287","prison",5,-0.020692415449269,-0.016917293233083,1,0,0,1,0,1,0,1,0,0
"288","problem",8,-0.0401310401310411,-0.120182634267141,0,0,0,1,0,1,0,1,0,0
"289","protest",4,-0.051719541455612,0.018432510885341,0,0,0,0,0,0,0,0,0,0
"290","quantity",8,-0.00163800163800204,-0.012111128308312,0,0,0,0,0,0,0,0,0,0
"291","rake",3,0.0102472899729,0.041024277866383,0,0,0,0,0,0,0,0,0,0
"292","rally",8,0.065315315315316,-0.041247484909457,0,0,0,0,0,0,0,0,0,0
"293","reality",4,0.072913889629432,0.0669085631349781,0,0,0,0,0,0,0,0,0,0
"294","red",4,-0.121267661956811,-0.04267053701016,0,0,0,0,0,0,0,0,0,0
"295","reporter",1,0.020414146967198,-0.041820657459638,0,0,0,0,0,0,1,0,0,1
"296","restaurant",1,0.070295033901411,0.0797510212021,0,0,0,0,0,0,0,0,0,0
"297","riot",4,-0.130165289256198,-0.141400580551524,1,0,0,1,0,1,0,0,0,0
"298","river",6,-0.015151515151515,-0.00213273568536804,0,0,0,0,0,0,0,0,0,0
"299","rocket",3,-0.015074525745257,-0.00336700336700296,1,0,0,0,0,0,0,0,0,0
"300","role",5,0.022373424054433,0.058924485125858,0,0,0,0,0,0,0,0,0,0
"301","rose",3,0.051321138211382,-0.034910508594719,0,0,0,0,0,0,0,0,0,0
"302","rum",8,0.008804258804259,-0.011685497600991,0,0,0,0,0,0,0,0,0,0
"303","rumor",7,0.011108953194795,-0.00780730897010001,0,0,0,0,0,1,0,1,0,0
"304","satire",7,-0.055622450961352,-0.075913621262458,0,0,0,0,0,0,0,0,0,0
"305","saxophone",2,0.035113241858158,0.088147049694796,0,0,0,0,0,0,0,0,0,0
"306","school",7,-0.022955913769664,-0.042857142857143,0,0,0,0,0,0,0,0,0,1
"307","scientist",4,0.017828579045588,0.079535558780841,0,1,0,0,0,0,1,0,0,1
"308","scissors",5,-0.032619571743046,-0.023782281791435,0,0,0,0,0,0,0,0,0,0
"309","scream",7,-0.081685764226064,-0.126578073089701,1,0,1,1,0,1,0,0,1,0
"310","screech",2,-0.056108447677302,-0.059213022036763,0,0,0,1,0,1,0,0,1,0
"311","shame",2,-0.031740783600595,-0.063109976894162,0,0,1,1,0,1,0,1,0,0
"312","shiny",5,0.0603962377426461,0.125776397515528,0,0,0,0,0,0,0,0,0,0
"313","shoulder",4,-0.076479605438549,-0.00783744557329402,0,0,0,0,0,0,1,0,0,1
"314","sick",7,-0.212662652942319,-0.247425249169435,0,0,1,0,0,1,0,1,0,0
"315","sin",1,-0.016969030602896,-0.054892044349348,1,0,1,1,0,1,0,1,0,0
"316","small",5,-0.060076045627376,-0.071101667211507,0,0,0,0,0,1,0,0,0,0
"317","snake",5,0.00476285771462898,-0.022392938868912,0,0,1,1,0,1,0,0,0,0
"318","soccer",4,0.053485737136764,-0.04256168359942,0,0,0,0,0,0,0,0,0,0
"319","soldier",7,-0.004738784229948,-0.020265780730897,1,0,0,0,0,0,1,1,0,0
"320","spatula",6,0.023285486443382,-0.025159051474841,0,0,0,0,0,0,0,0,0,0
"321","speech",4,0.039822713942949,0.012481857764877,0,0,0,0,0,0,1,0,0,0
"322","spiritual",6,-0.066188197767145,-0.0790558126084441,0,0,0,0,0,0,0,0,0,0
"323","squeal",5,0.045707424454673,0.018551814318405,0,0,0,0,0,0,0,0,0,0
"324","stone",5,0.029657794676806,0.011768551814318,1,0,0,0,0,1,0,0,0,0
"325","store",8,0.092239967239968,-0.014780993654234,0,1,0,0,0,0,1,0,0,0
"326","storm",8,-0.05558968058968,-0.071544652530569,1,0,0,0,0,1,0,0,0,0
"327","street",3,0.045647018970189,0.060251639199008,0,0,0,0,0,0,0,0,0,0
"328","student",4,0.016229005598507,0.06298984034833,0,0,0,0,0,0,0,0,0,0
"329","submarine",4,-0.023327112769928,-0.049383164005805,0,0,0,0,0,0,0,0,0,0
"330","subway",4,-0.062816582244734,-0.049492017416546,0,0,0,0,0,0,0,0,0,0
"331","sum",5,0.033780268160897,0.0409447531873161,0,0,0,0,0,0,0,0,0,0
"332","summer",5,0.054312587552532,0.140241909120627,0,0,0,0,0,0,0,0,0,0
"333","sun",7,-0.010254418333657,0.025913621262458,0,1,0,0,1,0,1,0,1,1
"334","sympathy",7,0.0136337152845221,-0.102159468438538,0,0,0,0,0,0,1,1,0,0
"335","symphony",7,-0.0170906972227619,-0.088538205980066,0,1,0,0,1,0,1,0,0,0
"336","table",7,0.070266071081763,0.084966777408638,0,0,0,0,0,0,0,0,0,0
"337","tax",7,0.020664206642066,0.010880398671096,0,0,0,0,0,1,0,1,0,0
"338","tea",7,-0.03791027383958,0.00506644518272403,0,0,0,0,0,0,0,0,0,0
"339","teacher",1,-0.071797691039032,-0.096595992997471,0,0,0,0,0,0,1,0,0,1
"340","team",5,-0.01152691614969,0.0651356652500821,0,0,0,0,0,0,0,0,0,1
"341","television",5,0.057754652791675,0.066034651847009,0,0,0,0,0,0,0,0,0,0
"342","terrorist",7,-0.030258302583026,0.004152823920266,1,0,1,1,0,1,0,1,1,0
"343","testimony",6,0.103668261562999,0.074862637362637,0,0,0,0,0,0,0,0,0,1
"344","theater",4,0.000699813383097991,-0.012844702467344,0,0,0,0,0,0,0,0,0,0
"345","theme",3,-0.040226964769648,-0.042264752791069,0,0,0,0,0,0,0,0,0,0
"346","theory",4,-0.0303252466009061,0.025507982583454,0,1,0,0,0,0,0,0,0,1
"347","thunder",1,-0.019387942092725,-0.027737794203463,0,0,0,0,0,0,0,0,0,0
"348","ticket",7,-0.029131870266071,-0.031395348837209,0,0,0,0,0,0,0,0,0,0
"349","tiger",1,-0.047681876488913,-0.055358879595409,0,0,0,0,0,0,0,0,0,0
"350","tired",6,-0.111642743221691,-0.134000867553499,0,0,0,0,0,1,0,0,0,0
"351","tobacco",3,0.012703252032521,0.011430090377459,0,0,0,0,0,1,0,0,0,0
"352","toe",3,-0.000846883468835102,-0.00318979266347696,0,0,0,0,0,0,0,0,0,0
"353","torment",4,-0.125699813383098,-0.157692307692308,1,0,0,1,0,1,0,1,0,0
"354","tornado",3,-0.00889227642276399,-0.045631756158072,0,0,0,1,0,0,0,0,0,0
"355","tourist",3,-0.059197154471544,-0.026315789473685,0,0,0,0,0,0,0,0,0,0
"356","train",5,-0.012447468481089,-0.031709709055247,0,0,0,0,0,0,0,0,0,0
"357","treaty",3,-0.025999322493224,0.103579656211235,0,0,0,0,0,0,0,0,0,0
"358","tree",8,0.115888615888616,0.03099365423309,1,1,1,0,1,0,1,0,1,1
"359","tribute",7,0.0266459506700329,-0.059966777408638,0,0,0,0,0,0,1,0,0,0
"360","trombone",7,-0.024820353466693,-0.020182724252492,0,0,0,0,0,0,0,0,0,0
"361","truce",1,0.057027670881437,0.051585294689749,0,0,0,0,1,0,1,0,0,1
"362","truck",5,-0.04990994596758,-0.108940830336711,0,0,0,0,0,0,0,0,0,1
"363","trumpet",1,0.05387575590984,0.080140050573818,0,0,0,0,0,1,0,0,0,0
"364","trust",7,0.0416391532336381,-0.00481727574750801,0,0,0,0,0,0,0,0,0,1
"365","truth",8,0.116093366093366,0.164912552236496,0,0,0,0,0,0,1,0,0,1
"366","tulip",6,-0.0315789473684209,-0.049595141700404,0,0,0,0,0,0,0,0,0,0
"367","umbrella",6,0.00813397129186599,0.0812246963562749,0,0,0,0,0,0,0,0,0,0
"368","vacation",3,0.102218834688346,0.147084883926989,0,1,0,0,1,0,1,0,0,0
"369","van",7,0.146863468634686,0.145182724252492,0,0,0,0,0,0,0,0,0,0
"370","vice",3,0.00304878048780499,0.074605706184653,0,0,0,0,0,1,0,0,0,0
"371","victim",8,0.00378787878787901,-0.035172573904969,1,0,0,1,0,1,0,1,0,0
"372","volcano",1,-0.03481766538391,-0.032056020229527,0,0,0,1,0,1,0,0,1,0
"373","water",2,-0.032402049925607,0.017863916956927,0,0,0,0,0,0,0,0,0,0
"374","wealthy",2,-0.00892709538766701,-0.014898092906163,0,0,0,0,0,0,0,0,0,0
"375","whale",7,-0.018527869489221,0.019186046511628,0,0,0,0,0,0,0,0,0,0
"376","whine",5,0.057994796878127,0.030238640078457,0,0,1,0,0,1,0,1,0,0
"377","window",4,-0.045054652092776,-0.015275761973876,0,0,0,0,0,0,0,0,0,0
"378","winter",2,0.00290957183005491,-0.025175018105321,0,0,0,0,0,0,0,0,0,0
"379","wit",6,-0.0792663476874,-0.011097455176402,0,0,0,0,0,0,1,0,0,0
"380","witness",2,-0.01762274756158,-0.076387212470256,0,0,0,0,0,0,0,0,0,1
"381","woe",8,-0.0874283374283381,-0.110160965794768,0,0,1,1,0,1,0,1,0,0
"382","worker",4,0.087376699546787,0.060304789550072,0,0,0,0,0,0,0,0,0,0
"383","worth",3,-0.01244918699187,-0.039606592238171,0,0,0,0,0,0,1,0,0,0
"384","year",2,-0.0395437262357411,-0.00448322240231702,0,0,0,0,0,0,0,0,0,0
"385","yellow",5,0.00832499499699801,0.046420398823145,0,0,0,0,0,0,0,0,0,0
"386","zone",2,0.018779963630352,-0.000137945304687026,0,0,0,0,0,0,0,0,0,0
"387","zoo",4,-0.043055185283924,-0.034760522496371,0,0,0,0,0,0,0,0,0,0
